{"type":"FeatureCollection","features":[{"type":"Feature","geometry":{"type":"Polygon","coordinates":[[[-86.8669,39.4501],[-86.8669,39.45],[-86.8669,39.45],[-86.8669,39.4499],[-86.867,39.4499],[-86.867,39.4498],[-86.867,39.4497],[-86.867,39.4497],[-86.867,39.4496],[-86.8671,39.4496],[-86.8672,39.4495],[-86.8672,39.4495],[-86.8673,39.4495],[-86.8675,39.4495],[-86.8677,39.4495],[-86.8678,39.4494],[-86.8678,39.4494],[-86.8679,39.4494],[-86.8679,39.4493],[-86.868,39.4493],[-86.868,39.4493],[-86.8681,39.4493],[-86.8682,39.4492],[-86.8682,39.4492],[-86.8683,39.4492],[-86.8683,39.4492],[-86.8684,39.4491],[-86.8684,39.4491],[-86.8685,39.449],[-86.8686,39.449],[-86.8686,39.449],[-86.8687,39.4489],[-86.8687,39.4489],[-86.8688,39.4488],[-86.8688,39.4488],[-86.8689,39.4488],[-86.8689,39.4487],[-86.869,39.4487],[-86.8691,39.4487],[-86.8691,39.4487],[-86.8692,39.4487],[-86.8692,39.4488],[-86.8692,39.4488],[-86.8692,39.4489],[-86.8693,39.449],[-86.8693,39.449],[-86.8694,39.449],[-86.8695,39.449],[-86.8696,39.449],[-86.8697,39.449],[-86.8698,39.4491],[-86.8698,39.4491],[-86.8698,39.4491],[-86.8698,39.4492],[-86.8697,39.4492],[-86.8697,39.4493],[-86.8697,39.4494],[-86.8697,39.4494],[-86.8697,39.4495],[-86.8697,39.4496],[-86.8697,39.4496],[-86.8696,39.4497],[-86.8696,39.4497],[-86.8696,39.4498],[-86.8696,39.4498],[-86.8696,39.4499],[-86.8696,39.45],[-86.8696,39.45],[-86.8697,39.45],[-86.8697,39.4501],[-86.8698,39.4501],[-86.8698,39.4501],[-86.8699,39.4502],[-86.8699,39.4502],[-86.8699,39.4503],[-86.87,39.4503],[-86.87,39.4504],[-86.87,39.4504],[-86.87,39.4505],[-86.87,39.4505],[-86.8701,39.4506],[-86.8701,39.4506],[-86.87,39.4507],[-86.8699,39.4507],[-86.8699,39.4507],[-86.8698,39.4508],[-86.8698,39.4508],[-86.8697,39.4508],[-86.8697,39.4509],[-86.8697,39.4509],[-86.8696,39.451],[-86.8696,39.451],[-86.8695,39.4511],[-86.8695,39.4511],[-86.8694,39.4512],[-86.8694,39.4512],[-86.8693,39.4512],[-86.8693,39.4513],[-86.8692,39.4513],[-86.8692,39.4513],[-86.8691,39.4514],[-86.8691,39.4514],[-86.869,39.4514],[-86.8689,39.4515],[-86.8689,39.4515],[-86.8689,39.4516],[-86.8689,39.4517],[-86.8689,39.4517],[-86.8689,39.4518],[-86.8689,39.4518],[-86.869,39.4519],[-86.869,39.4519],[-86.8691,39.4519],[-86.8691,39.452],[-86.8691,39.452],[-86.8692,39.4521],[-86.8692,39.4522],[-86.8692,39.4523],[-86.8692,39.4523],[-86.8693,39.4524],[-86.8693,39.4524],[-86.8692,39.4525],[-86.8692,39.4525],[-86.8692,39.4526],[-86.8692,39.4526],[-86.8691,39.4527],[-86.8691,39.4527],[-86.8691,39.4528],[-86.869,39.4529],[-86.8691,39.4529],[-86.8691,39.453],[-86.8692,39.4531],[-86.8692,39.4531],[-86.8693,39.4531],[-86.8694,39.4531],[-86.8694,39.4531],[-86.8695,39.4532],[-86.8696,39.4532],[-86.8696,39.4532],[-86.8697,39.4533],[-86.8697,39.4533],[-86.8698,39.4534],[-86.8698,39.4534],[-86.8698,39.4535],[-86.8699,39.4535],[-86.8699,39.4536],[-86.8699,39.4537],[-86.8698,39.4538],[-86.8698,39.4539],[-86.8698,39.454],[-86.8699,39.454],[-86.8699,39.454],[-86.87,39.4541],[-86.8702,39.4541],[-86.8702,39.4541],[-86.8702,39.4542],[-86.8702,39.4542],[-86.8702,39.4543],[-86.8701,39.4543],[-86.8701,39.4544],[-86.8701,39.4544],[-86.8701,39.4545],[-86.8702,39.4545],[-86.8703,39.4545],[-86.8703,39.4546],[-86.8704,39.4546],[-86.8704,39.4547],[-86.8704,39.4547],[-86.8705,39.4547],[-86.8705,39.4548],[-86.8706,39.4548],[-86.8706,39.4549],[-86.8706,39.4549],[-86.8706,39.455],[-86.8706,39.455],[-86.8706,39.4551],[-86.8706,39.4551],[-86.8707,39.4552],[-86.8707,39.4552],[-86.8708,39.4552],[-86.8709,39.4552],[-86.871,39.4552],[-86.871,39.4552],[-86.8711,39.4552],[-86.8712,39.4551],[-86.8713,39.4551],[-86.8713,39.4551],[-86.8714,39.4551],[-86.8715,39.4552],[-86.8716,39.4552],[-86.8716,39.4552],[-86.8717,39.4552],[-86.8718,39.4552],[-86.8718,39.4553],[-86.8718,39.4553],[-86.8719,39.4554],[-86.8719,39.4554],[-86.8719,39.4554],[-86.872,39.4555],[-86.872,39.4555],[-86.872,39.4556],[-86.8721,39.4557],[-86.872,39.4557],[-86.872,39.4558],[-86.872,39.4559],[-86.8721,39.4559],[-86.8721,39.456],[-86.8722,39.456],[-86.8722,39.4561],[-86.8723,39.4561],[-86.8723,39.4562],[-86.8724,39.4562],[-86.8725,39.4562],[-86.8725,39.4563],[-86.8726,39.4562],[-86.8727,39.4562],[-86.8728,39.4562],[-86.8728,39.4562],[-86.8729,39.4563],[-86.8729,39.4563],[-86.873,39.4563],[-86.873,39.4564],[-86.8731,39.4564],[-86.8731,39.4565],[-86.8732,39.4565],[-86.8732,39.4566],[-86.8732,39.4566],[-86.8733,39.4566],[-86.8733,39.4565],[-86.8734,39.4565],[-86.8734,39.4565],[-86.8734,39.4564],[-86.8735,39.4563],[-86.8735,39.4563],[-86.8735,39.4562],[-86.8734,39.4562],[-86.8734,39.4561],[-86.8733,39.4561],[-86.8733,39.456],[-86.8733,39.456],[-86.8732,39.456],[-86.8731,39.4559],[-86.8731,39.4559],[-86.873,39.4559],[-86.873,39.4559],[-86.8729,39.4558],[-86.8729,39.4558],[-86.8728,39.4557],[-86.8728,39.4557],[-86.8728,39.4556],[-86.8727,39.4556],[-86.8727,39.4555],[-86.8727,39.4555],[-86.8727,39.4554],[-86.8726,39.4553],[-86.8726,39.4553],[-86.8726,39.4552],[-86.8726,39.4552],[-86.8726,39.4551],[-86.8725,39.4551],[-86.8725,39.455],[-86.8724,39.455],[-86.8724,39.455],[-86.8723,39.4549],[-86.8723,39.4549],[-86.8722,39.4549],[-86.8721,39.4549],[-86.8721,39.4548],[-86.872,39.4548],[-86.872,39.4548],[-86.8719,39.4548],[-86.8719,39.4547],[-86.8718,39.4547],[-86.8718,39.4547],[-86.8717,39.4546],[-86.8717,39.4545],[-86.8717,39.4545],[-86.8717,39.4544],[-86.8718,39.4544],[-86.8719,39.4544],[-86.872,39.4544],[-86.8721,39.4544],[-86.8722,39.4544],[-86.8723,39.4543],[-86.8723,39.4543],[-86.8724,39.4543],[-86.8724,39.4543],[-86.8725,39.4542],[-86.8725,39.4542],[-86.8726,39.4542],[-86.8726,39.4541],[-86.8727,39.4541],[-86.8727,39.454],[-86.8728,39.454],[-86.8728,39.454],[-86.8729,39.4539],[-86.8729,39.4538],[-86.8728,39.4538],[-86.8728,39.4538],[-86.8728,39.4537],[-86.8727,39.4537],[-86.8727,39.4536],[-86.8726,39.4536],[-86.8725,39.4536],[-86.8725,39.4535],[-86.8724,39.4535],[-86.8724,39.4534],[-86.8725,39.4534],[-86.8725,39.4533],[-86.8726,39.4533],[-86.8726,39.4532],[-86.8727,39.4532],[-86.8728,39.4532],[-86.8728,39.4532],[-86.8729,39.4531],[-86.8729,39.4531],[-86.873,39.453],[-86.8731,39.453],[-86.8731,39.453],[-86.8731,39.4529],[-86.8732,39.4529],[-86.8732,39.4528],[-86.8732,39.4527],[-86.8732,39.4527],[-86.8731,39.4526],[-86.8731,39.4526],[-86.873,39.4526],[-86.8729,39.4525],[-86.8729,39.4525],[-86.8728,39.4525],[-86.8727,39.4525],[-86.8727,39.4525],[-86.8726,39.4525],[-86.8725,39.4524],[-86.8725,39.4524],[-86.8724,39.4523],[-86.8724,39.4523],[-86.8724,39.4522],[-86.8724,39.4522],[-86.8725,39.4521],[-86.8725,39.4521],[-86.8725,39.452],[-86.8726,39.452],[-86.8726,39.452],[-86.8727,39.452],[-86.8727,39.452],[-86.8728,39.452],[-86.8728,39.452],[-86.8728,39.452],[-86.8729,39.452],[-86.8729,39.4519],[-86.873,39.4519],[-86.873,39.4518],[-86.873,39.4517],[-86.873,39.4517],[-86.873,39.4516],[-86.873,39.4515],[-86.873,39.4514],[-86.873,39.4514],[-86.873,39.4513],[-86.8729,39.4513],[-86.8729,39.4512],[-86.8729,39.4512],[-86.8729,39.4511],[-86.8729,39.4511],[-86.8729,39.451],[-86.8728,39.4509],[-86.8728,39.4509],[-86.8728,39.4508],[-86.8728,39.4507],[-86.8728,39.4507],[-86.8727,39.4506],[-86.8727,39.4506],[-86.8727,39.4505],[-86.8727,39.4504],[-86.8728,39.4504],[-86.8728,39.4504],[-86.8729,39.4503],[-86.8729,39.4503],[-86.873,39.4502],[-86.873,39.4502],[-86.8731,39.4501],[-86.8731,39.4501],[-86.8731,39.45],[-86.8731,39.45],[-86.8732,39.4499],[-86.8732,39.4499],[-86.8732,39.4498],[-86.8732,39.4498],[-86.8732,39.4497],[-86.8732,39.4497],[-86.8732,39.4496],[-86.8732,39.4495],[-86.8732,39.4495],[-86.8732,39.4494],[-86.8733,39.4494],[-86.8733,39.4494],[-86.8734,39.4493],[-86.8735,39.4493],[-86.8735,39.4494],[-86.8735,39.4495],[-86.8735,39.4495],[-86.8735,39.4496],[-86.8736,39.4496],[-86.8735,39.4497],[-86.8735,39.4498],[-86.8735,39.4498],[-86.8735,39.4499],[-86.8735,39.45],[-86.8735,39.45],[-86.8735,39.4501],[-86.8735,39.4501],[-86.8736,39.4502],[-86.8736,39.4502],[-86.8737,39.4503],[-86.8737,39.4503],[-86.8737,39.4504],[-86.8737,39.4504],[-86.8737,39.4505],[-86.8737,39.4505],[-86.8737,39.4506],[-86.8737,39.4506],[-86.8738,39.4507],[-86.8738,39.4507],[-86.8738,39.4508],[-86.8739,39.4508],[-86.8739,39.4509],[-86.8739,39.4509],[-86.874,39.451],[-86.874,39.451],[-86.874,39.4511],[-86.874,39.4512],[-86.874,39.4512],[-86.874,39.4513],[-86.874,39.4514],[-86.874,39.4514],[-86.874,39.4515],[-86.8741,39.4515],[-86.8741,39.4516],[-86.8742,39.4516],[-86.8743,39.4516],[-86.8744,39.4515],[-86.8744,39.4515],[-86.8745,39.4515],[-86.8745,39.4515],[-86.8746,39.4514],[-86.8746,39.4514],[-86.8747,39.4514],[-86.8748,39.4514],[-86.8748,39.4513],[-86.8749,39.4513],[-86.8749,39.4513],[-86.8751,39.4511],[-86.8751,39.4525],[-86.8751,39.4525],[-86.8752,39.4525],[-86.8752,39.4525],[-86.8753,39.4524],[-86.8754,39.4524],[-86.8754,39.4524],[-86.8755,39.4523],[-86.8755,39.4523],[-86.8756,39.4523],[-86.8756,39.4522],[-86.8757,39.4522],[-86.8757,39.4522],[-86.8758,39.4522],[-86.8759,39.4522],[-86.876,39.4522],[-86.876,39.4522],[-86.8761,39.4523],[-86.876,39.4523],[-86.876,39.4524],[-86.876,39.4524],[-86.8759,39.4525],[-86.8759,39.4525],[-86.8758,39.4525],[-86.8758,39.4525],[-86.8757,39.4526],[-86.8757,39.4526],[-86.8757,39.4527],[-86.8756,39.4527],[-86.8756,39.4528],[-86.8756,39.4528],[-86.8755,39.4529],[-86.8755,39.4529],[-86.8755,39.453],[-86.8755,39.453],[-86.8755,39.4531],[-86.8755,39.4531],[-86.8755,39.4532],[-86.8756,39.4532],[-86.8757,39.4532],[-86.8757,39.4532],[-86.8758,39.4532],[-86.8758,39.4532],[-86.8759,39.4531],[-86.876,39.4531],[-86.876,39.4531],[-86.8761,39.453],[-86.8761,39.453],[-86.8762,39.453],[-86.8762,39.453],[-86.8763,39.453],[-86.8764,39.4529],[-86.8764,39.4529],[-86.8765,39.4529],[-86.8765,39.4528],[-86.8766,39.4528],[-86.8767,39.4528],[-86.8769,39.4528],[-86.8769,39.4529],[-86.877,39.4529],[-86.877,39.4529],[-86.877,39.453],[-86.877,39.4531],[-86.877,39.4531],[-86.8769,39.4531],[-86.8768,39.4532],[-86.8768,39.4532],[-86.8767,39.4532],[-86.8766,39.4533],[-86.8766,39.4533],[-86.8765,39.4533],[-86.8765,39.4533],[-86.8764,39.4534],[-86.8764,39.4534],[-86.8763,39.4535],[-86.8763,39.4535],[-86.8762,39.4536],[-86.8762,39.4536],[-86.8762,39.4537],[-86.8762,39.4537],[-86.8761,39.4538],[-86.8761,39.4538],[-86.8761,39.4538],[-86.876,39.4539],[-86.876,39.4539],[-86.876,39.454],[-86.876,39.454],[-86.876,39.4541],[-86.876,39.4541],[-86.8761,39.4542],[-86.8761,39.4542],[-86.8762,39.4542],[-86.8763,39.4542],[-86.8763,39.4543],[-86.8764,39.4543],[-86.8765,39.4543],[-86.8765,39.4542],[-86.8766,39.4542],[-86.8766,39.4542],[-86.8767,39.4541],[-86.8767,39.4541],[-86.8768,39.454],[-86.8768,39.454],[-86.8769,39.4539],[-86.8769,39.4539],[-86.8769,39.4539],[-86.877,39.4538],[-86.877,39.4538],[-86.8771,39.4538],[-86.8771,39.4537],[-86.8772,39.4537],[-86.8772,39.4536],[-86.8772,39.4536],[-86.8773,39.4535],[-86.8773,39.4535],[-86.8773,39.4534],[-86.8774,39.4534],[-86.8774,39.4533],[-86.8774,39.4533],[-86.8775,39.4533],[-86.8776,39.4532],[-86.8776,39.4532],[-86.8777,39.4532],[-86.8777,39.4533],[-86.8777,39.4534],[-86.8778,39.4534],[-86.8777,39.4535],[-86.8777,39.4535],[-86.8777,39.4536],[-86.8777,39.4536],[-86.8776,39.4537],[-86.8776,39.4537],[-86.8775,39.4537],[-86.8775,39.4538],[-86.8775,39.4538],[-86.8775,39.4539],[-86.8775,39.4539],[-86.8776,39.4539],[-86.8777,39.454],[-86.8777,39.454],[-86.8777,39.4541],[-86.8777,39.4542],[-86.8777,39.4542],[-86.8776,39.4543],[-86.8776,39.4543],[-86.8775,39.4544],[-86.8775,39.4544],[-86.8775,39.4544],[-86.8774,39.4545],[-86.8774,39.4545],[-86.8773,39.4546],[-86.8773,39.4546],[-86.8772,39.4547],[-86.8772,39.4547],[-86.8772,39.4548],[-86.8772,39.4548],[-86.8772,39.4549],[-86.8772,39.4549],[-86.8773,39.455],[-86.8773,39.455],[-86.8774,39.455],[-86.8774,39.4551],[-86.8775,39.4551],[-86.8775,39.4552],[-86.8776,39.4552],[-86.8776,39.4553],[-86.8777,39.4553],[-86.8777,39.4553],[-86.8778,39.4554],[-86.8779,39.4554],[-86.8779,39.4553],[-86.878,39.4553],[-86.8781,39.4553],[-86.8781,39.4553],[-86.8782,39.4552],[-86.8783,39.4552],[-86.8783,39.4551],[-86.8784,39.4551],[-86.8784,39.455],[-86.8785,39.455],[-86.8785,39.455],[-86.8785,39.4549],[-86.8785,39.4548],[-86.8786,39.4548],[-86.8786,39.4547],[-86.8786,39.4547],[-86.8786,39.4546],[-86.8786,39.4546],[-86.8787,39.4546],[-86.8789,39.4546],[-86.8789,39.4546],[-86.8789,39.4547],[-86.879,39.4547],[-86.8791,39.4547],[-86.8792,39.4547],[-86.8792,39.4547],[-86.8793,39.4546],[-86.8794,39.4546],[-86.8794,39.4545],[-86.8794,39.4545],[-86.8795,39.4544],[-86.8795,39.4544],[-86.8796,39.4544],[-86.8796,39.4543],[-86.8797,39.4543],[-86.8798,39.4544],[-86.8798,39.4544],[-86.8798,39.4545],[-86.8798,39.4546],[-86.8798,39.4546],[-86.8798,39.4547],[-86.8799,39.4547],[-86.8799,39.4548],[-86.8799,39.4549],[-86.8799,39.455],[-86.88,39.455],[-86.88,39.455],[-86.8801,39.455],[-86.8802,39.455],[-86.8803,39.455],[-86.8804,39.455],[-86.8804,39.455],[-86.8805,39.455],[-86.8806,39.455],[-86.8806,39.455],[-86.8807,39.455],[-86.8808,39.455],[-86.8809,39.455],[-86.881,39.4549],[-86.8811,39.455],[-86.8812,39.455],[-86.8812,39.455],[-86.8812,39.4551],[-86.8812,39.4551],[-86.8813,39.4552],[-86.8813,39.4552],[-86.8814,39.4552],[-86.8814,39.4552],[-86.8815,39.4552],[-86.8815,39.4552],[-86.8816,39.4551],[-86.8816,39.4551],[-86.8817,39.4551],[-86.8818,39.4551],[-86.8818,39.455],[-86.8819,39.455],[-86.882,39.455],[-86.8821,39.455],[-86.8823,39.455],[-86.8824,39.455],[-86.8825,39.455],[-86.8826,39.455],[-86.8826,39.455],[-86.8827,39.4551],[-86.8827,39.4551],[-86.8828,39.4552],[-86.8828,39.4552],[-86.8829,39.4552],[-86.8829,39.4553],[-86.883,39.4553],[-86.8831,39.4553],[-86.8831,39.4553],[-86.8832,39.4554],[-86.8833,39.4554],[-86.8834,39.4553],[-86.8834,39.4553],[-86.8835,39.4553],[-86.8836,39.4553],[-86.8836,39.4552],[-86.8837,39.4552],[-86.8838,39.4553],[-86.8839,39.4553],[-86.8839,39.4553],[-86.8839,39.4553],[-86.8839,39.4554],[-86.8838,39.4554],[-86.8838,39.4555],[-86.8837,39.4555],[-86.8837,39.4556],[-86.8836,39.4556],[-86.8835,39.4555],[-86.8835,39.4556],[-86.8834,39.4556],[-86.8833,39.4556],[-86.8833,39.4556],[-86.8832,39.4556],[-86.8831,39.4556],[-86.8831,39.4556],[-86.883,39.4557],[-86.8829,39.4557],[-86.8829,39.4557],[-86.8828,39.4557],[-86.8828,39.4557],[-86.8827,39.4558],[-86.8827,39.4558],[-86.8826,39.4559],[-86.8826,39.4559],[-86.8825,39.456],[-86.8825,39.456],[-86.8824,39.456],[-86.8824,39.4561],[-86.8824,39.4562],[-86.8825,39.4562],[-86.8825,39.4563],[-86.8826,39.4563],[-86.8826,39.4563],[-86.8827,39.4564],[-86.8827,39.4564],[-86.8827,39.4565],[-86.8828,39.4565],[-86.8828,39.4566],[-86.8828,39.4566],[-86.8828,39.4568],[-86.8829,39.4568],[-86.8829,39.4568],[-86.883,39.4569],[-86.883,39.4569],[-86.8831,39.457],[-86.8831,39.457],[-86.8831,39.4571],[-86.8831,39.4571],[-86.8831,39.4572],[-86.8831,39.4572],[-86.883,39.4573],[-86.883,39.4573],[-86.8829,39.4573],[-86.8829,39.4574],[-86.8828,39.4574],[-86.8828,39.4574],[-86.8828,39.4575],[-86.8828,39.4576],[-86.8828,39.4576],[-86.8828,39.4576],[-86.8828,39.4577],[-86.8829,39.4577],[-86.8829,39.4578],[-86.883,39.4578],[-86.8831,39.4578],[-86.8831,39.4578],[-86.8832,39.4578],[-86.8832,39.4577],[-86.8832,39.4577],[-86.8833,39.4576],[-86.8834,39.4576],[-86.8834,39.4575],[-86.8835,39.4575],[-86.8835,39.4575],[-86.8836,39.4574],[-86.8836,39.4574],[-86.8836,39.4573],[-86.8837,39.4573],[-86.8837,39.4572],[-86.8838,39.4572],[-86.8838,39.4572],[-86.8839,39.4572],[-86.884,39.4572],[-86.884,39.4572],[-86.8841,39.4572],[-86.8842,39.4572],[-86.8842,39.4572],[-86.8844,39.4572],[-86.8845,39.4572],[-86.8846,39.4572],[-86.8846,39.4572],[-86.8847,39.4571],[-86.8847,39.4571],[-86.8848,39.4571],[-86.8848,39.457],[-86.8849,39.457],[-86.8849,39.4569],[-86.8849,39.4569],[-86.885,39.4569],[-86.885,39.457],[-86.8851,39.457],[-86.8852,39.457],[-86.8853,39.457],[-86.8854,39.457],[-86.8854,39.457],[-86.8855,39.457],[-86.8856,39.4569],[-86.8856,39.4569],[-86.8856,39.4568],[-86.8856,39.4567],[-86.8856,39.4567],[-86.8856,39.4566],[-86.8856,39.4565],[-86.8856,39.4565],[-86.8857,39.4565],[-86.8857,39.4564],[-86.8858,39.4564],[-86.8859,39.4564],[-86.886,39.4564],[-86.886,39.4564],[-86.8861,39.4564],[-86.8861,39.4564],[-86.8862,39.4563],[-86.8863,39.4563],[-86.8864,39.4563],[-86.8864,39.4563],[-86.8864,39.4564],[-86.8864,39.4564],[-86.8865,39.4565],[-86.8865,39.4565],[-86.8865,39.4566],[-86.8866,39.4566],[-86.8866,39.4567],[-86.8867,39.4567],[-86.8867,39.4568],[-86.8868,39.4568],[-86.8868,39.4568],[-86.8869,39.4568],[-86.887,39.4568],[-86.8871,39.4567],[-86.8871,39.4567],[-86.8872,39.4567],[-86.8873,39.4567],[-86.8873,39.4568],[-86.8873,39.4568],[-86.8873,39.4569],[-86.8874,39.4569],[-86.8874,39.457],[-86.8874,39.457],[-86.8875,39.457],[-86.8875,39.4571],[-86.8877,39.4571],[-86.8877,39.4571],[-86.8878,39.457],[-86.8879,39.457],[-86.8879,39.4569],[-86.8879,39.4569],[-86.888,39.4568],[-86.888,39.4568],[-86.888,39.4567],[-86.888,39.4567],[-86.888,39.4566],[-86.8879,39.4566],[-86.8879,39.4565],[-86.8879,39.4564],[-86.888,39.4564],[-86.888,39.4563],[-86.888,39.4563],[-86.8881,39.4562],[-86.8881,39.4562],[-86.8882,39.4561],[-86.8882,39.4561],[-86.8882,39.456],[-86.8882,39.456],[-86.8882,39.4559],[-86.8882,39.4559],[-86.8881,39.4558],[-86.8881,39.4558],[-86.8881,39.4557],[-86.8881,39.4557],[-86.8881,39.4556],[-86.888,39.4556],[-86.888,39.4555],[-86.8879,39.4555],[-86.8878,39.4555],[-86.8878,39.4555],[-86.8877,39.4555],[-86.8876,39.4554],[-86.8876,39.4554],[-86.8875,39.4554],[-86.8874,39.4554],[-86.8874,39.4554],[-86.8873,39.4553],[-86.8872,39.4553],[-86.8872,39.4553],[-86.8871,39.4552],[-86.8871,39.4552],[-86.887,39.4552],[-86.887,39.4551],[-86.8869,39.4551],[-86.8869,39.4551],[-86.8868,39.455],[-86.8867,39.455],[-86.8867,39.455],[-86.8866,39.455],[-86.8865,39.455],[-86.8864,39.455],[-86.8864,39.4549],[-86.8863,39.4549],[-86.8863,39.4549],[-86.8863,39.4548],[-86.8864,39.4548],[-86.8864,39.4548],[-86.8865,39.4547],[-86.8865,39.4547],[-86.8865,39.4546],[-86.8865,39.4546],[-86.8865,39.4545],[-86.8865,39.4545],[-86.8865,39.4544],[-86.8865,39.4544],[-86.8865,39.4543],[-86.8864,39.4543],[-86.8864,39.4542],[-86.8863,39.4542],[-86.8863,39.4542],[-86.8862,39.4541],[-86.8862,39.4541],[-86.8861,39.454],[-86.8861,39.454],[-86.886,39.4539],[-86.886,39.4539],[-86.8859,39.4538],[-86.8859,39.4538],[-86.8859,39.4538],[-86.886,39.4537],[-86.8861,39.4537],[-86.8862,39.4537],[-86.8863,39.4537],[-86.8864,39.4537],[-86.8864,39.4537],[-86.8865,39.4537],[-86.8866,39.4537],[-86.8867,39.4537],[-86.8867,39.4538],[-86.8868,39.4538],[-86.8869,39.4539],[-86.8869,39.4539],[-86.887,39.4539],[-86.887,39.4539],[-86.8871,39.454],[-86.8871,39.4541],[-86.8871,39.4542],[-86.8871,39.4543],[-86.8871,39.4543],[-86.8871,39.4544],[-86.8872,39.4544],[-86.8872,39.4545],[-86.8873,39.4545],[-86.8873,39.4545],[-86.8874,39.4546],[-86.8874,39.4546],[-86.8875,39.4546],[-86.8876,39.4546],[-86.8876,39.4547],[-86.8877,39.4547],[-86.8877,39.4547],[-86.8878,39.4548],[-86.8879,39.4548],[-86.8879,39.4548],[-86.888,39.4548],[-86.8881,39.4548],[-86.8881,39.4548],[-86.8882,39.4547],[-86.8882,39.4547],[-86.8882,39.4546],[-86.8882,39.4546],[-86.8882,39.4545],[-86.8882,39.4545],[-86.8881,39.4544],[-86.8881,39.4544],[-86.8881,39.4543],[-86.888,39.4543],[-86.888,39.4542],[-86.8881,39.4541],[-86.8881,39.4541],[-86.8882,39.454],[-86.8882,39.454],[-86.8883,39.454],[-86.8884,39.454],[-86.8885,39.454],[-86.8885,39.454],[-86.8886,39.454],[-86.8887,39.454],[-86.8888,39.454],[-86.8888,39.454],[-86.8888,39.4541],[-86.8888,39.4541],[-86.8888,39.4542],[-86.8889,39.4542],[-86.8889,39.4543],[-86.889,39.4543],[-86.8891,39.4543],[-86.8891,39.4542],[-86.8892,39.4542],[-86.8893,39.4542],[-86.8893,39.4542],[-86.8894,39.4543],[-86.8894,39.4543],[-86.8894,39.4544],[-86.8895,39.4544],[-86.8896,39.4544],[-86.8897,39.4544],[-86.8897,39.4544],[-86.8898,39.4545],[-86.8898,39.4545],[-86.8898,39.4546],[-86.8899,39.4546],[-86.8899,39.4547],[-86.8899,39.4548],[-86.8898,39.4548],[-86.8898,39.4549],[-86.8898,39.455],[-86.8898,39.455],[-86.8899,39.455],[-86.8899,39.4551],[-86.89,39.4551],[-86.89,39.4552],[-86.89,39.4552],[-86.89,39.4553],[-86.8901,39.4553],[-86.8902,39.4553],[-86.8902,39.4553],[-86.8903,39.4553],[-86.8904,39.4553],[-86.8904,39.4553],[-86.8905,39.4553],[-86.8906,39.4552],[-86.8906,39.4552],[-86.8907,39.4552],[-86.8907,39.4552],[-86.8908,39.4551],[-86.8909,39.4551],[-86.8909,39.4551],[-86.891,39.4551],[-86.8911,39.4551],[-86.8911,39.4551],[-86.8912,39.4551],[-86.8913,39.455],[-86.8913,39.455],[-86.8913,39.4549],[-86.8913,39.4549],[-86.8914,39.4549],[-86.8914,39.455],[-86.8914,39.455],[-86.8914,39.4551],[-86.8914,39.4551],[-86.8915,39.4552],[-86.8915,39.4552],[-86.8915,39.4553],[-86.8914,39.4553],[-86.8914,39.4554],[-86.8913,39.4554],[-86.8913,39.4555],[-86.8913,39.4555],[-86.8913,39.4556],[-86.8913,39.4556],[-86.8913,39.4557],[-86.8913,39.4558],[-86.8913,39.4558],[-86.8914,39.4559],[-86.8914,39.4559],[-86.8915,39.4559],[-86.8915,39.456],[-86.8916,39.456],[-86.8915,39.456],[-86.8915,39.456],[-86.8914,39.4561],[-86.8914,39.4561],[-86.8914,39.4562],[-86.8913,39.4562],[-86.8913,39.4563],[-86.8914,39.4564],[-86.8914,39.4565],[-86.8914,39.4565],[-86.8914,39.4566],[-86.8914,39.4566],[-86.8915,39.4567],[-86.8915,39.4567],[-86.8915,39.4569],[-86.8915,39.4569],[-86.8915,39.457],[-86.8915,39.4571],[-86.8915,39.4571],[-86.8915,39.4572],[-86.8916,39.4572],[-86.8916,39.4573],[-86.8917,39.4573],[-86.8917,39.4573],[-86.8918,39.4573],[-86.8919,39.4574],[-86.8919,39.4574],[-86.892,39.4574],[-86.892,39.4574],[-86.8921,39.4574],[-86.8922,39.4574],[-86.8923,39.4574],[-86.8923,39.4574],[-86.8924,39.4574],[-86.8925,39.4573],[-86.8925,39.4573],[-86.8926,39.4573],[-86.8927,39.4573],[-86.8928,39.4573],[-86.8928,39.4573],[-86.8929,39.4573],[-86.893,39.4573],[-86.893,39.4573],[-86.8931,39.4574],[-86.8932,39.4574],[-86.8932,39.4574],[-86.8933,39.4574],[-86.8934,39.4574],[-86.8935,39.4573],[-86.8936,39.4573],[-86.8936,39.4573],[-86.8937,39.4572],[-86.8938,39.4572],[-86.8938,39.4572],[-86.8939,39.4571],[-86.894,39.4571],[-86.8941,39.4571],[-86.8942,39.4572],[-86.8943,39.4571],[-86.8943,39.4571],[-86.8944,39.4571],[-86.8945,39.4571],[-86.8946,39.4572],[-86.8946,39.4572],[-86.8946,39.4573],[-86.8946,39.4573],[-86.8945,39.4574],[-86.8945,39.4574],[-86.8944,39.4574],[-86.8944,39.4574],[-86.8943,39.4575],[-86.8942,39.4575],[-86.8942,39.4575],[-86.8941,39.4575],[-86.8941,39.4575],[-86.894,39.4576],[-86.8939,39.4576],[-86.8939,39.4576],[-86.8938,39.4576],[-86.8937,39.4576],[-86.8937,39.4576],[-86.8936,39.4577],[-86.8935,39.4577],[-86.8935,39.4577],[-86.8934,39.4577],[-86.8933,39.4577],[-86.8932,39.4577],[-86.8932,39.4577],[-86.8931,39.4577],[-86.893,39.4577],[-86.8929,39.4577],[-86.8929,39.4577],[-86.8928,39.4578],[-86.8928,39.4578],[-86.8927,39.4578],[-86.8927,39.4578],[-86.8926,39.4579],[-86.8926,39.4579],[-86.8925,39.458],[-86.8924,39.458],[-86.8924,39.458],[-86.8924,39.4581],[-86.8924,39.4581],[-86.8924,39.4582],[-86.8924,39.4583],[-86.8924,39.4583],[-86.8924,39.4584],[-86.8923,39.4584],[-86.8923,39.4584],[-86.8922,39.4584],[-86.8921,39.4584],[-86.8921,39.4584],[-86.892,39.4583],[-86.8919,39.4583],[-86.8918,39.4583],[-86.8917,39.4583],[-86.8917,39.4583],[-86.8916,39.4584],[-86.8915,39.4584],[-86.8915,39.4584],[-86.8915,39.4585],[-86.8914,39.4585],[-86.8914,39.4586],[-86.8913,39.4586],[-86.8913,39.4587],[-86.8913,39.4587],[-86.8913,39.4588],[-86.8914,39.4588],[-86.8914,39.4589],[-86.8914,39.4589],[-86.8915,39.4589],[-86.8915,39.459],[-86.8915,39.459],[-86.8915,39.4591],[-86.8916,39.4591],[-86.8916,39.4592],[-86.8917,39.4592],[-86.8917,39.4592],[-86.8918,39.4592],[-86.8918,39.4593],[-86.8919,39.4593],[-86.892,39.4593],[-86.892,39.4593],[-86.8921,39.4593],[-86.8922,39.4594],[-86.8922,39.4594],[-86.8924,39.4594],[-86.8925,39.4594],[-86.8925,39.4594],[-86.8926,39.4593],[-86.8926,39.4593],[-86.8927,39.4593],[-86.8928,39.4592],[-86.8928,39.4591],[-86.8928,39.4591],[-86.8928,39.459],[-86.8928,39.459],[-86.8929,39.4589],[-86.8929,39.4589],[-86.8929,39.4588],[-86.8929,39.4588],[-86.893,39.4588],[-86.8931,39.4587],[-86.8932,39.4587],[-86.8932,39.4588],[-86.8933,39.4588],[-86.8933,39.4588],[-86.8934,39.4589],[-86.8934,39.4589],[-86.8935,39.459],[-86.8935,39.459],[-86.8936,39.459],[-86.8937,39.459],[-86.8938,39.459],[-86.8939,39.459],[-86.8939,39.459],[-86.894,39.459],[-86.8941,39.4589],[-86.8941,39.4589],[-86.8942,39.4589],[-86.8942,39.4588],[-86.8942,39.4588],[-86.8943,39.4587],[-86.8943,39.4587],[-86.8944,39.4586],[-86.8944,39.4586],[-86.8945,39.4586],[-86.8946,39.4585],[-86.8946,39.4585],[-86.8947,39.4585],[-86.8948,39.4585],[-86.8949,39.4585],[-86.8949,39.4585],[-86.895,39.4584],[-86.8951,39.4584],[-86.8951,39.4584],[-86.8952,39.4584],[-86.8952,39.4583],[-86.8953,39.4583],[-86.8953,39.4583],[-86.8954,39.4582],[-86.8954,39.4582],[-86.8955,39.4581],[-86.8955,39.4581],[-86.8956,39.4581],[-86.8957,39.4581],[-86.8957,39.4581],[-86.8958,39.4581],[-86.8959,39.4581],[-86.8959,39.458],[-86.896,39.458],[-86.8961,39.4581],[-86.8961,39.4581],[-86.8962,39.4581],[-86.8962,39.4582],[-86.8963,39.4582],[-86.8964,39.4582],[-86.8965,39.4582],[-86.8965,39.4582],[-86.8966,39.4582],[-86.8967,39.4581],[-86.8967,39.4581],[-86.8968,39.4581],[-86.8969,39.4581],[-86.897,39.4581],[-86.897,39.4581],[-86.8971,39.4581],[-86.8971,39.4582],[-86.8972,39.4582],[-86.8972,39.4583],[-86.8972,39.4583],[-86.8972,39.4584],[-86.8973,39.4584],[-86.8973,39.4584],[-86.8974,39.4584],[-86.8975,39.4584],[-86.8976,39.4584],[-86.8976,39.4584],[-86.8977,39.4584],[-86.8978,39.4584],[-86.8978,39.4584],[-86.8979,39.4583],[-86.8979,39.4583],[-86.8979,39.4582],[-86.898,39.4582],[-86.898,39.4581],[-86.8981,39.4581],[-86.8981,39.458],[-86.8981,39.458],[-86.8982,39.458],[-86.8982,39.4579],[-86.8982,39.4578],[-86.8982,39.4578],[-86.8983,39.4577],[-86.8983,39.4577],[-86.8984,39.4577],[-86.8985,39.4577],[-86.8985,39.4577],[-86.8986,39.4577],[-86.8986,39.4578],[-86.8986,39.4578],[-86.8987,39.4579],[-86.8987,39.4579],[-86.8987,39.458],[-86.8987,39.458],[-86.8988,39.4581],[-86.8988,39.4581],[-86.8988,39.4582],[-86.8988,39.4582],[-86.8989,39.4583],[-86.8989,39.4583],[-86.8989,39.4584],[-86.8989,39.4584],[-86.8989,39.4585],[-86.8989,39.4586],[-86.8989,39.4586],[-86.899,39.4587],[-86.899,39.4587],[-86.899,39.4589],[-86.899,39.459],[-86.899,39.4591],[-86.8989,39.4591],[-86.8989,39.4592],[-86.8989,39.4593],[-86.8989,39.4593],[-86.8989,39.4594],[-86.8989,39.4594],[-86.8988,39.4595],[-86.8987,39.4595],[-86.8987,39.4595],[-86.8986,39.4595],[-86.8985,39.4594],[-86.8985,39.4594],[-86.8984,39.4594],[-86.8984,39.4594],[-86.8983,39.4593],[-86.8982,39.4593],[-86.8982,39.4593],[-86.8981,39.4593],[-86.898,39.4593],[-86.898,39.4592],[-86.8979,39.4592],[-86.8978,39.4592],[-86.8978,39.4592],[-86.8977,39.4592],[-86.8977,39.4592],[-86.8976,39.4592],[-86.8975,39.4592],[-86.8975,39.4593],[-86.8974,39.4593],[-86.8973,39.4593],[-86.8973,39.4593],[-86.8972,39.4593],[-86.8972,39.4594],[-86.8971,39.4594],[-86.8971,39.4595],[-86.897,39.4595],[-86.897,39.4596],[-86.897,39.4596],[-86.897,39.4597],[-86.8969,39.4597],[-86.8969,39.4598],[-86.8968,39.4598],[-86.8968,39.4598],[-86.8967,39.4599],[-86.8967,39.4599],[-86.8967,39.46],[-86.8966,39.46],[-86.8966,39.4601],[-86.8966,39.4601],[-86.8965,39.4602],[-86.8965,39.4602],[-86.8964,39.4603],[-86.8964,39.4603],[-86.8963,39.4603],[-86.8963,39.4604],[-86.8963,39.4605],[-86.8963,39.4605],[-86.8963,39.4606],[-86.8963,39.4607],[-86.8962,39.4607],[-86.8962,39.4607],[-86.8961,39.4608],[-86.8961,39.4608],[-86.896,39.4608],[-86.8959,39.4608],[-86.8959,39.4608],[-86.8958,39.4609],[-86.8957,39.4609],[-86.8957,39.4609],[-86.8956,39.461],[-86.8956,39.461],[-86.8955,39.4611],[-86.8955,39.4611],[-86.8955,39.4611],[-86.8954,39.4612],[-86.8954,39.4612],[-86.8954,39.4613],[-86.8954,39.4613],[-86.8954,39.4614],[-86.8954,39.4615],[-86.8954,39.4615],[-86.8955,39.4615],[-86.8955,39.4616],[-86.8956,39.4616],[-86.8957,39.4616],[-86.8957,39.4616],[-86.8958,39.4617],[-86.8959,39.4617],[-86.8959,39.4617],[-86.896,39.4617],[-86.8961,39.4618],[-86.8961,39.4618],[-86.8962,39.4618],[-86.8963,39.4618],[-86.8963,39.4619],[-86.8964,39.4619],[-86.8965,39.4619],[-86.8965,39.4619],[-86.8966,39.4619],[-86.8967,39.4619],[-86.8967,39.4619],[-86.8968,39.4619],[-86.8969,39.4619],[-86.897,39.4619],[-86.8971,39.4619],[-86.8972,39.4619],[-86.8973,39.4619],[-86.8973,39.4619],[-86.8974,39.4619],[-86.8974,39.462],[-86.8975,39.462],[-86.8976,39.462],[-86.8976,39.462],[-86.8977,39.4621],[-86.8978,39.4621],[-86.8978,39.4621],[-86.8979,39.4621],[-86.898,39.4621],[-86.898,39.4621],[-86.8981,39.4622],[-86.8981,39.4622],[-86.8981,39.4623],[-86.8981,39.4624],[-86.8981,39.4624],[-86.8981,39.4625],[-86.8981,39.4626],[-86.8981,39.4626],[-86.8981,39.4627],[-86.8981,39.4627],[-86.8981,39.4628],[-86.8981,39.4629],[-86.8981,39.4629],[-86.8981,39.463],[-86.8982,39.463],[-86.8982,39.4631],[-86.8983,39.4631],[-86.8983,39.4631],[-86.8984,39.4632],[-86.8985,39.4632],[-86.8985,39.4632],[-86.8986,39.4632],[-86.8987,39.4632],[-86.8987,39.4632],[-86.8988,39.4633],[-86.8988,39.4633],[-86.8989,39.4633],[-86.899,39.4633],[-86.899,39.4634],[-86.8991,39.4634],[-86.8992,39.4634],[-86.8993,39.4634],[-86.8994,39.4634],[-86.8994,39.4634],[-86.8995,39.4634],[-86.8995,39.4635],[-86.8996,39.4635],[-86.8996,39.4636],[-86.8996,39.4636],[-86.8996,39.4637],[-86.8995,39.4637],[-86.8995,39.4638],[-86.8995,39.4638],[-86.8994,39.4639],[-86.8994,39.4639],[-86.8993,39.464],[-86.8993,39.464],[-86.8993,39.4641],[-86.8993,39.4642],[-86.8993,39.4642],[-86.8993,39.4643],[-86.8993,39.4643],[-86.8994,39.4643],[-86.8995,39.4643],[-86.8995,39.4643],[-86.8996,39.4642],[-86.8997,39.4642],[-86.8997,39.4643],[-86.8998,39.4643],[-86.8999,39.4643],[-86.8999,39.4643],[-86.9,39.4644],[-86.9001,39.4644],[-86.9001,39.4644],[-86.9002,39.4645],[-86.9002,39.4645],[-86.9003,39.4645],[-86.9003,39.4646],[-86.9004,39.4646],[-86.9004,39.4647],[-86.9004,39.4647],[-86.9004,39.4648],[-86.9005,39.4648],[-86.9005,39.4649],[-86.9006,39.4649],[-86.9007,39.4649],[-86.9007,39.4649],[-86.9008,39.465],[-86.9008,39.465],[-86.9009,39.465],[-86.9009,39.4651],[-86.901,39.4651],[-86.901,39.4652],[-86.9011,39.4652],[-86.9012,39.4652],[-86.9012,39.4652],[-86.9013,39.4653],[-86.9014,39.4653],[-86.9015,39.4652],[-86.9015,39.4652],[-86.9016,39.4652],[-86.9016,39.4651],[-86.9017,39.4651],[-86.9017,39.465],[-86.9017,39.465],[-86.9017,39.4649],[-86.9017,39.4648],[-86.9017,39.4648],[-86.9017,39.4647],[-86.9016,39.4647],[-86.9016,39.4646],[-86.9016,39.4646],[-86.9015,39.4645],[-86.9015,39.4645],[-86.9015,39.4644],[-86.9014,39.4644],[-86.9014,39.4643],[-86.9014,39.4642],[-86.9014,39.4642],[-86.9014,39.4641],[-86.9013,39.4641],[-86.9013,39.4641],[-86.9012,39.464],[-86.9012,39.464],[-86.9012,39.4639],[-86.9011,39.4639],[-86.9011,39.4638],[-86.901,39.4638],[-86.901,39.4637],[-86.9009,39.4637],[-86.9009,39.4637],[-86.9009,39.4636],[-86.9008,39.4636],[-86.9008,39.4635],[-86.9008,39.4635],[-86.9007,39.4634],[-86.9007,39.4634],[-86.9007,39.4633],[-86.9007,39.4633],[-86.9007,39.4632],[-86.9007,39.4632],[-86.9008,39.4631],[-86.9008,39.4631],[-86.9009,39.463],[-86.901,39.463],[-86.901,39.4631],[-86.9011,39.4631],[-86.9011,39.4631],[-86.9012,39.4632],[-86.9012,39.4632],[-86.9013,39.4632],[-86.9014,39.4633],[-86.9014,39.4633],[-86.9015,39.4633],[-86.9015,39.4634],[-86.9016,39.4634],[-86.9017,39.4634],[-86.9017,39.4634],[-86.9018,39.4634],[-86.9019,39.4635],[-86.902,39.4635],[-86.9021,39.4635],[-86.9021,39.4634],[-86.9022,39.4634],[-86.9023,39.4634],[-86.9023,39.4634],[-86.9024,39.4634],[-86.9025,39.4634],[-86.9025,39.4634],[-86.9025,39.4635],[-86.9025,39.4636],[-86.9025,39.4636],[-86.9025,39.4637],[-86.9025,39.4637],[-86.9025,39.4638],[-86.9025,39.4639],[-86.9025,39.464],[-86.9025,39.464],[-86.9025,39.4641],[-86.9025,39.4641],[-86.9025,39.4642],[-86.9025,39.4643],[-86.9025,39.4643],[-86.9025,39.4644],[-86.9025,39.4644],[-86.9025,39.4645],[-86.9026,39.4645],[-86.9026,39.4646],[-86.9026,39.4647],[-86.9026,39.4647],[-86.9026,39.4648],[-86.9026,39.4648],[-86.9026,39.4649],[-86.9026,39.465],[-86.9026,39.4651],[-86.9026,39.4652],[-86.9026,39.4653],[-86.9026,39.4653],[-86.9026,39.4654],[-86.9027,39.4654],[-86.9027,39.4655],[-86.9027,39.4655],[-86.9028,39.4656],[-86.9028,39.4656],[-86.9028,39.4657],[-86.9029,39.4657],[-86.9029,39.4657],[-86.903,39.4658],[-86.9031,39.4658],[-86.9031,39.4658],[-86.9033,39.4658],[-86.9033,39.4658],[-86.9034,39.4657],[-86.9034,39.4657],[-86.9035,39.4657],[-86.9035,39.4656],[-86.9036,39.4656],[-86.9036,39.4655],[-86.9037,39.4655],[-86.9038,39.4655],[-86.9039,39.4655],[-86.9039,39.4656],[-86.904,39.4656],[-86.904,39.4657],[-86.904,39.4657],[-86.904,39.4658],[-86.904,39.4658],[-86.904,39.4659],[-86.9039,39.4659],[-86.9039,39.4659],[-86.9038,39.466],[-86.9038,39.466],[-86.9037,39.4661],[-86.9037,39.4661],[-86.9037,39.4662],[-86.9037,39.4662],[-86.9037,39.4663],[-86.9037,39.4663],[-86.9037,39.4664],[-86.9037,39.4665],[-86.9037,39.4665],[-86.9038,39.4666],[-86.9038,39.4666],[-86.9039,39.4667],[-86.9039,39.4667],[-86.904,39.4667],[-86.9042,39.467],[-86.9042,39.4671],[-86.9042,39.4672],[-86.9043,39.4672],[-86.9043,39.4672],[-86.9045,39.4673],[-86.9045,39.4673],[-86.9046,39.4672],[-86.9046,39.4671],[-86.9046,39.4671],[-86.9046,39.467],[-86.9046,39.467],[-86.9045,39.467],[-86.9045,39.4669],[-86.9044,39.4669],[-86.9042,39.4668],[-86.9042,39.4667],[-86.9042,39.4666],[-86.9042,39.4665],[-86.9042,39.4665],[-86.9042,39.4664],[-86.9042,39.4663],[-86.9042,39.4663],[-86.9042,39.4662],[-86.9043,39.4662],[-86.9043,39.4661],[-86.9044,39.4661],[-86.9044,39.466],[-86.9045,39.466],[-86.9045,39.466],[-86.9046,39.466],[-86.9047,39.4659],[-86.9047,39.4659],[-86.9047,39.4658],[-86.9047,39.4658],[-86.9047,39.4657],[-86.9048,39.4657],[-86.9048,39.4656],[-86.9048,39.4655],[-86.9048,39.4655],[-86.9048,39.4654],[-86.9048,39.4654],[-86.9049,39.4653],[-86.905,39.4654],[-86.905,39.4654],[-86.9051,39.4654],[-86.9051,39.4655],[-86.9051,39.4655],[-86.9052,39.4656],[-86.9052,39.4656],[-86.9053,39.4656],[-86.9054,39.4657],[-86.9054,39.4657],[-86.9055,39.4658],[-86.9055,39.4658],[-86.9056,39.4659],[-86.9056,39.4659],[-86.9056,39.466],[-86.9057,39.466],[-86.9058,39.466],[-86.9058,39.466],[-86.9059,39.466],[-86.906,39.4661],[-86.906,39.4661],[-86.906,39.4662],[-86.906,39.4662],[-86.9061,39.4663],[-86.9061,39.4663],[-86.9061,39.4664],[-86.9062,39.4664],[-86.9062,39.4664],[-86.9063,39.4665],[-86.9063,39.4665],[-86.9064,39.4666],[-86.9063,39.4666],[-86.9064,39.4667],[-86.9064,39.4668],[-86.9065,39.4668],[-86.9066,39.4668],[-86.9066,39.4668],[-86.9067,39.4669],[-86.9067,39.4669],[-86.9068,39.4669],[-86.9069,39.4669],[-86.9069,39.467],[-86.907,39.467],[-86.9071,39.467],[-86.9071,39.467],[-86.9072,39.4671],[-86.9072,39.4671],[-86.9072,39.4672],[-86.9073,39.4672],[-86.9073,39.4673],[-86.9073,39.4673],[-86.9073,39.4674],[-86.9073,39.4674],[-86.9074,39.4675],[-86.9074,39.4675],[-86.9075,39.4676],[-86.9075,39.4676],[-86.9076,39.4677],[-86.9076,39.4677],[-86.9077,39.4678],[-86.9077,39.4678],[-86.9078,39.4678],[-86.9078,39.4679],[-86.9078,39.4679],[-86.9079,39.468],[-86.9079,39.468],[-86.908,39.4681],[-86.908,39.4681],[-86.9081,39.4681],[-86.9082,39.4682],[-86.9082,39.4682],[-86.9083,39.4682],[-86.9083,39.4683],[-86.9084,39.4683],[-86.9084,39.4684],[-86.9084,39.4684],[-86.9084,39.4685],[-86.9085,39.4685],[-86.9085,39.4686],[-86.9085,39.4687],[-86.9085,39.4687],[-86.9084,39.4688],[-86.9084,39.4688],[-86.9083,39.4688],[-86.9082,39.4688],[-86.9081,39.4688],[-86.908,39.4688],[-86.9079,39.4688],[-86.9079,39.4688],[-86.9078,39.4688],[-86.9077,39.4689],[-86.9077,39.4689],[-86.9077,39.4689],[-86.9077,39.469],[-86.9077,39.4691],[-86.9076,39.4691],[-86.9076,39.4692],[-86.9076,39.4692],[-86.9076,39.4693],[-86.9076,39.4693],[-86.9076,39.4694],[-86.9076,39.4695],[-86.9076,39.4695],[-86.9077,39.4696],[-86.9077,39.4696],[-86.9078,39.4697],[-86.9078,39.4697],[-86.9078,39.4698],[-86.9078,39.4698],[-86.9079,39.4699],[-86.9079,39.4699],[-86.9079,39.47],[-86.908,39.47],[-86.9081,39.47],[-86.9081,39.4701],[-86.9082,39.4701],[-86.9083,39.4701],[-86.9084,39.47],[-86.9084,39.47],[-86.9085,39.47],[-86.9086,39.47],[-86.9087,39.47],[-86.9087,39.47],[-86.9088,39.47],[-86.9089,39.47],[-86.9089,39.47],[-86.909,39.4701],[-86.9091,39.4701],[-86.9091,39.4701],[-86.9092,39.4701],[-86.9093,39.4701],[-86.9094,39.47],[-86.9094,39.47],[-86.9095,39.47],[-86.9095,39.4699],[-86.9096,39.4699],[-86.9096,39.4698],[-86.9096,39.4698],[-86.9097,39.4697],[-86.9097,39.4697],[-86.9097,39.4696],[-86.9097,39.4696],[-86.9098,39.4695],[-86.9098,39.4695],[-86.9098,39.4694],[-86.9099,39.4694],[-86.9099,39.4693],[-86.9099,39.4693],[-86.9098,39.4692],[-86.9098,39.4692],[-86.9097,39.4691],[-86.9097,39.4691],[-86.9096,39.469],[-86.9096,39.469],[-86.9097,39.4689],[-86.9097,39.4689],[-86.9098,39.4689],[-86.9099,39.4689],[-86.9099,39.469],[-86.91,39.469],[-86.91,39.4691],[-86.9101,39.4691],[-86.9102,39.4691],[-86.9102,39.4692],[-86.9102,39.4693],[-86.9102,39.4693],[-86.9103,39.4694],[-86.9103,39.4694],[-86.9104,39.4695],[-86.9104,39.4695],[-86.9105,39.4695],[-86.9106,39.4695],[-86.9107,39.4695],[-86.9107,39.4695],[-86.9108,39.4694],[-86.9109,39.4694],[-86.9109,39.4694],[-86.911,39.4694],[-86.911,39.4693],[-86.9111,39.4693],[-86.9112,39.4693],[-86.9112,39.4692],[-86.9113,39.4692],[-86.9113,39.4691],[-86.9114,39.4691],[-86.9114,39.4691],[-86.9115,39.4691],[-86.9115,39.4692],[-86.9114,39.4692],[-86.9114,39.4693],[-86.9114,39.4693],[-86.9114,39.4694],[-86.9115,39.4694],[-86.9116,39.4694],[-86.9116,39.4694],[-86.9117,39.4695],[-86.9118,39.4695],[-86.9118,39.4695],[-86.9119,39.4696],[-86.9119,39.4696],[-86.9119,39.4697],[-86.9119,39.4698],[-86.9118,39.4698],[-86.9118,39.4699],[-86.9118,39.4699],[-86.9117,39.47],[-86.9117,39.47],[-86.9117,39.4701],[-86.9117,39.4701],[-86.9117,39.4702],[-86.9117,39.4702],[-86.9117,39.4703],[-86.9117,39.4704],[-86.9117,39.4705],[-86.9117,39.4706],[-86.9117,39.4706],[-86.9116,39.4707],[-86.9116,39.4707],[-86.9116,39.4708],[-86.9115,39.4709],[-86.9115,39.4709],[-86.9115,39.471],[-86.9115,39.4711],[-86.9115,39.4711],[-86.9115,39.4712],[-86.9116,39.4712],[-86.9116,39.4713],[-86.9116,39.4713],[-86.9117,39.4714],[-86.9117,39.4714],[-86.9117,39.4715],[-86.9117,39.4715],[-86.9118,39.4716],[-86.9119,39.4716],[-86.9119,39.4717],[-86.912,39.4717],[-86.912,39.4718],[-86.9121,39.4718],[-86.9121,39.4719],[-86.9121,39.4719],[-86.9122,39.472],[-86.9122,39.472],[-86.9121,39.472],[-86.9121,39.472],[-86.912,39.472],[-86.9119,39.472],[-86.9119,39.472],[-86.9118,39.472],[-86.9117,39.472],[-86.9117,39.472],[-86.9116,39.4719],[-86.9115,39.4719],[-86.9115,39.4719],[-86.9114,39.4719],[-86.9113,39.4719],[-86.9113,39.472],[-86.9112,39.472],[-86.9111,39.472],[-86.9111,39.472],[-86.911,39.472],[-86.9109,39.4721],[-86.9109,39.4721],[-86.9077,39.4726],[-86.8918,39.4723],[-86.8917,39.4723],[-86.8917,39.4723],[-86.8916,39.4723],[-86.8915,39.4723],[-86.8914,39.4724],[-86.8914,39.4724],[-86.8913,39.4724],[-86.8913,39.4724],[-86.8912,39.4724],[-86.8911,39.4724],[-86.891,39.4724],[-86.8909,39.4724],[-86.8909,39.4724],[-86.8908,39.4724],[-86.8908,39.4724],[-86.8907,39.4725],[-86.8906,39.4725],[-86.8903,39.4725],[-86.8903,39.4724],[-86.8903,39.4723],[-86.8903,39.4723],[-86.8903,39.4722],[-86.8903,39.4722],[-86.8903,39.4721],[-86.8903,39.4721],[-86.8902,39.472],[-86.8902,39.472],[-86.8902,39.4719],[-86.8902,39.4719],[-86.8901,39.4718],[-86.8901,39.4718],[-86.8901,39.4717],[-86.8901,39.4717],[-86.8901,39.4716],[-86.89,39.4716],[-86.89,39.4715],[-86.89,39.4714],[-86.89,39.4714],[-86.8901,39.4713],[-86.8901,39.4713],[-86.8901,39.4712],[-86.8901,39.4711],[-86.8901,39.4711],[-86.8901,39.471],[-86.8901,39.4709],[-86.8901,39.4709],[-86.8901,39.4708],[-86.8901,39.4708],[-86.8902,39.4707],[-86.8902,39.4707],[-86.8902,39.4706],[-86.8902,39.4706],[-86.8903,39.4705],[-86.8903,39.4705],[-86.8903,39.4704],[-86.8903,39.4703],[-86.8903,39.4703],[-86.8903,39.4702],[-86.8902,39.4702],[-86.8902,39.4701],[-86.8901,39.4701],[-86.8901,39.4701],[-86.89,39.47],[-86.8899,39.47],[-86.8899,39.47],[-86.8898,39.47],[-86.8898,39.4701],[-86.8898,39.4702],[-86.8898,39.4702],[-86.8898,39.4703],[-86.8898,39.4703],[-86.8898,39.4704],[-86.8898,39.4704],[-86.8897,39.4705],[-86.8897,39.4705],[-86.8896,39.4706],[-86.8896,39.4707],[-86.8897,39.4707],[-86.8897,39.4708],[-86.8897,39.4709],[-86.8897,39.4709],[-86.8896,39.471],[-86.8896,39.471],[-86.8895,39.471],[-86.8895,39.4711],[-86.8895,39.4711],[-86.8895,39.4713],[-86.8895,39.4713],[-86.8895,39.4714],[-86.8894,39.4714],[-86.8894,39.4715],[-86.8894,39.4715],[-86.8894,39.4716],[-86.8894,39.4716],[-86.8894,39.4717],[-86.8894,39.4717],[-86.8893,39.4717],[-86.8893,39.4718],[-86.8892,39.4718],[-86.8891,39.4718],[-86.8891,39.4718],[-86.889,39.4719],[-86.889,39.4719],[-86.889,39.472],[-86.889,39.4721],[-86.889,39.4721],[-86.889,39.4722],[-86.889,39.4722],[-86.8889,39.4723],[-86.8889,39.4723],[-86.8889,39.4724],[-86.8889,39.4725],[-86.8836,39.4723],[-86.8837,39.4722],[-86.8837,39.4722],[-86.8837,39.4722],[-86.8838,39.4722],[-86.8839,39.4722],[-86.884,39.4721],[-86.884,39.4721],[-86.8841,39.4721],[-86.8841,39.472],[-86.8841,39.472],[-86.8842,39.4719],[-86.8842,39.4719],[-86.8842,39.4718],[-86.8843,39.4718],[-86.8843,39.4718],[-86.8843,39.4717],[-86.885,39.4716],[-86.885,39.4716],[-86.8851,39.4716],[-86.8852,39.4716],[-86.8853,39.4716],[-86.8853,39.4716],[-86.8854,39.4715],[-86.8855,39.4715],[-86.8855,39.4715],[-86.8856,39.4715],[-86.8857,39.4714],[-86.8857,39.4714],[-86.8858,39.4714],[-86.8859,39.4714],[-86.8859,39.4714],[-86.886,39.4714],[-86.8861,39.4713],[-86.8862,39.4713],[-86.8862,39.4713],[-86.8863,39.4713],[-86.8864,39.4713],[-86.8864,39.4712],[-86.8865,39.4712],[-86.8866,39.4712],[-86.8866,39.4711],[-86.8866,39.4711],[-86.8867,39.471],[-86.8867,39.471],[-86.8868,39.4709],[-86.8868,39.4709],[-86.8868,39.4709],[-86.8869,39.4708],[-86.8869,39.4707],[-86.8869,39.4707],[-86.8869,39.4706],[-86.887,39.4706],[-86.887,39.4705],[-86.887,39.4705],[-86.887,39.4704],[-86.887,39.4704],[-86.887,39.4703],[-86.8869,39.4703],[-86.8868,39.4703],[-86.8868,39.4702],[-86.8868,39.4702],[-86.8868,39.4701],[-86.8868,39.4701],[-86.8868,39.47],[-86.8867,39.47],[-86.8867,39.4699],[-86.8866,39.4698],[-86.8866,39.4698],[-86.8866,39.4697],[-86.8866,39.4697],[-86.8865,39.4696],[-86.8865,39.4696],[-86.8864,39.4696],[-86.8863,39.4696],[-86.8862,39.4696],[-86.8861,39.4695],[-86.8861,39.4695],[-86.886,39.4695],[-86.8859,39.4695],[-86.8859,39.4695],[-86.8858,39.4695],[-86.8858,39.4695],[-86.8857,39.4695],[-86.8856,39.4696],[-86.8856,39.4696],[-86.8855,39.4696],[-86.8854,39.4697],[-86.8854,39.4697],[-86.8854,39.4697],[-86.8853,39.4698],[-86.8853,39.4698],[-86.8853,39.4699],[-86.8853,39.47],[-86.8853,39.4701],[-86.8853,39.4701],[-86.8853,39.4702],[-86.8853,39.4702],[-86.8853,39.4703],[-86.8854,39.4703],[-86.8854,39.4704],[-86.8854,39.4704],[-86.8854,39.4705],[-86.8854,39.4705],[-86.8854,39.4706],[-86.8853,39.4706],[-86.8852,39.4707],[-86.8852,39.4707],[-86.8852,39.4707],[-86.8851,39.4708],[-86.885,39.4708],[-86.885,39.4708],[-86.8849,39.4708],[-86.8849,39.4709],[-86.8848,39.4709],[-86.8848,39.471],[-86.8848,39.471],[-86.8848,39.4711],[-86.8847,39.4711],[-86.8847,39.4712],[-86.8847,39.4712],[-86.8846,39.4713],[-86.8846,39.4713],[-86.8841,39.4715],[-86.8839,39.4715],[-86.8839,39.4715],[-86.8838,39.4715],[-86.8837,39.4715],[-86.8837,39.4715],[-86.8836,39.4715],[-86.8835,39.4715],[-86.8835,39.4715],[-86.8834,39.4715],[-86.8833,39.4715],[-86.8833,39.4715],[-86.8832,39.4716],[-86.8831,39.4716],[-86.8831,39.4716],[-86.883,39.4716],[-86.8829,39.4716],[-86.8829,39.4715],[-86.8829,39.4715],[-86.8828,39.4714],[-86.8829,39.4714],[-86.8829,39.4714],[-86.883,39.4714],[-86.8831,39.4713],[-86.8831,39.4713],[-86.8832,39.4713],[-86.8832,39.4712],[-86.8833,39.4712],[-86.8834,39.4712],[-86.8834,39.4712],[-86.8835,39.4712],[-86.8836,39.4712],[-86.8836,39.4711],[-86.8837,39.4711],[-86.8837,39.4711],[-86.8838,39.471],[-86.8838,39.471],[-86.8839,39.471],[-86.884,39.4709],[-86.884,39.4709],[-86.8841,39.4709],[-86.8841,39.4708],[-86.8841,39.4708],[-86.8841,39.4707],[-86.8841,39.4706],[-86.8841,39.4706],[-86.8841,39.4705],[-86.884,39.4705],[-86.884,39.4705],[-86.884,39.4704],[-86.8839,39.4704],[-86.8839,39.4704],[-86.8838,39.4704],[-86.8837,39.4704],[-86.8836,39.4704],[-86.8836,39.4704],[-86.8835,39.4704],[-86.8835,39.4705],[-86.8834,39.4705],[-86.8834,39.4706],[-86.8833,39.4706],[-86.8833,39.4706],[-86.8832,39.4706],[-86.8831,39.4707],[-86.8831,39.4707],[-86.883,39.4708],[-86.883,39.4708],[-86.8829,39.4708],[-86.8828,39.4708],[-86.8828,39.4707],[-86.8827,39.4707],[-86.8826,39.4707],[-86.8826,39.4707],[-86.8825,39.4707],[-86.8824,39.4707],[-86.8823,39.4707],[-86.8822,39.4707],[-86.8822,39.4707],[-86.8821,39.4707],[-86.882,39.4707],[-86.8819,39.4707],[-86.8819,39.4707],[-86.8818,39.4707],[-86.8817,39.4707],[-86.8816,39.4707],[-86.8816,39.4708],[-86.8815,39.4708],[-86.8814,39.4708],[-86.8814,39.4709],[-86.8814,39.4709],[-86.8814,39.471],[-86.8814,39.4711],[-86.8814,39.4711],[-86.8814,39.4712],[-86.8814,39.4712],[-86.8814,39.4713],[-86.8815,39.4713],[-86.8815,39.4714],[-86.8815,39.4714],[-86.8815,39.4715],[-86.8814,39.4715],[-86.8814,39.4716],[-86.8813,39.4716],[-86.8812,39.4716],[-86.8812,39.4715],[-86.8811,39.4715],[-86.8811,39.4715],[-86.881,39.4715],[-86.8809,39.4714],[-86.8808,39.4714],[-86.8808,39.4714],[-86.8807,39.4714],[-86.8807,39.4715],[-86.8806,39.4715],[-86.8806,39.4716],[-86.8806,39.4716],[-86.8806,39.4717],[-86.8806,39.4717],[-86.8806,39.4718],[-86.8805,39.4718],[-86.8804,39.4718],[-86.8804,39.4717],[-86.8803,39.4717],[-86.8803,39.4717],[-86.8802,39.4717],[-86.8801,39.4717],[-86.88,39.4717],[-86.8799,39.4717],[-86.8799,39.4718],[-86.8799,39.4718],[-86.8799,39.4719],[-86.8798,39.4719],[-86.8798,39.472],[-86.8798,39.472],[-86.8798,39.4721],[-86.8798,39.4721],[-86.8798,39.4722],[-86.8798,39.4722],[-86.8799,39.4723],[-86.8799,39.4723],[-86.88,39.4723],[-86.88,39.4724],[-86.8795,39.4725],[-86.8794,39.4724],[-86.8791,39.4724],[-86.879,39.4724],[-86.879,39.4724],[-86.879,39.4723],[-86.8789,39.4723],[-86.8788,39.4723],[-86.8788,39.4724],[-86.8787,39.4724],[-86.878,39.4725],[-86.8779,39.4723],[-86.878,39.4723],[-86.878,39.4723],[-86.878,39.4722],[-86.8781,39.4721],[-86.8781,39.4721],[-86.8782,39.4721],[-86.8783,39.4721],[-86.8783,39.472],[-86.8784,39.472],[-86.8784,39.4719],[-86.8784,39.4719],[-86.8784,39.4718],[-86.8783,39.4718],[-86.8783,39.4717],[-86.8783,39.4716],[-86.8783,39.4716],[-86.8783,39.4715],[-86.8783,39.4715],[-86.8783,39.4714],[-86.8784,39.4714],[-86.8785,39.4714],[-86.8785,39.4714],[-86.8786,39.4714],[-86.8788,39.4714],[-86.8788,39.4714],[-86.8789,39.4714],[-86.879,39.4714],[-86.879,39.4714],[-86.8791,39.4713],[-86.8791,39.4713],[-86.8791,39.4712],[-86.8791,39.4712],[-86.8791,39.4711],[-86.8791,39.471],[-86.8792,39.471],[-86.8792,39.4709],[-86.8792,39.4709],[-86.8792,39.4708],[-86.8792,39.4708],[-86.8792,39.4707],[-86.8791,39.4707],[-86.8791,39.4706],[-86.879,39.4706],[-86.879,39.4706],[-86.8789,39.4706],[-86.8788,39.4706],[-86.8787,39.4707],[-86.8787,39.4707],[-86.8786,39.4707],[-86.8785,39.4707],[-86.8784,39.4707],[-86.8784,39.4707],[-86.8783,39.4708],[-86.8782,39.4708],[-86.8781,39.4707],[-86.878,39.4707],[-86.878,39.4707],[-86.878,39.4706],[-86.878,39.4705],[-86.878,39.4705],[-86.878,39.4705],[-86.8781,39.4704],[-86.8782,39.4704],[-86.8782,39.4704],[-86.8783,39.4703],[-86.8783,39.4703],[-86.8784,39.4703],[-86.8785,39.4703],[-86.8785,39.4702],[-86.8786,39.4702],[-86.8787,39.4702],[-86.8787,39.4702],[-86.8788,39.4701],[-86.8788,39.4701],[-86.8789,39.4701],[-86.8789,39.4701],[-86.879,39.47],[-86.879,39.47],[-86.879,39.4699],[-86.879,39.4698],[-86.879,39.4697],[-86.879,39.4696],[-86.879,39.4696],[-86.879,39.4695],[-86.8789,39.4695],[-86.8788,39.4694],[-86.8788,39.4694],[-86.8787,39.4694],[-86.8786,39.4694],[-86.8786,39.4694],[-86.8785,39.4693],[-86.8784,39.4693],[-86.8784,39.4693],[-86.8783,39.4693],[-86.8782,39.4694],[-86.8782,39.4694],[-86.8781,39.4694],[-86.878,39.4693],[-86.878,39.4693],[-86.8779,39.4692],[-86.8779,39.4692],[-86.8779,39.4691],[-86.8779,39.469],[-86.8779,39.4689],[-86.8779,39.4688],[-86.8779,39.4688],[-86.8778,39.4687],[-86.8778,39.4687],[-86.8777,39.4686],[-86.8777,39.4686],[-86.8776,39.4686],[-86.8775,39.4686],[-86.8775,39.4686],[-86.8774,39.4685],[-86.8773,39.4685],[-86.8773,39.4685],[-86.8772,39.4685],[-86.8772,39.4684],[-86.8771,39.4684],[-86.877,39.4683],[-86.877,39.4683],[-86.8769,39.4682],[-86.8769,39.4682],[-86.8769,39.4681],[-86.8768,39.4681],[-86.8768,39.468],[-86.8767,39.468],[-86.8767,39.4679],[-86.8766,39.4679],[-86.8766,39.4679],[-86.8765,39.4678],[-86.8765,39.4678],[-86.8764,39.4678],[-86.8763,39.4678],[-86.8762,39.4678],[-86.8762,39.4679],[-86.8762,39.4679],[-86.8762,39.468],[-86.8763,39.468],[-86.8763,39.4681],[-86.8763,39.4681],[-86.8763,39.4682],[-86.8763,39.4682],[-86.8764,39.4683],[-86.8764,39.4683],[-86.8764,39.4684],[-86.8764,39.4684],[-86.8764,39.4685],[-86.8764,39.4685],[-86.8765,39.4686],[-86.8765,39.4687],[-86.8764,39.4687],[-86.8764,39.4688],[-86.8765,39.4688],[-86.8765,39.4689],[-86.8766,39.4689],[-86.8766,39.4689],[-86.8767,39.4689],[-86.8767,39.469],[-86.8768,39.469],[-86.8768,39.4691],[-86.8767,39.4691],[-86.8767,39.4692],[-86.8767,39.4692],[-86.8767,39.4693],[-86.8767,39.4693],[-86.8767,39.4694],[-86.8768,39.4695],[-86.8768,39.4695],[-86.8768,39.4695],[-86.8768,39.4696],[-86.8769,39.4696],[-86.8769,39.4697],[-86.8769,39.4697],[-86.8769,39.4698],[-86.8769,39.4698],[-86.8769,39.4699],[-86.877,39.47],[-86.8769,39.47],[-86.8769,39.4701],[-86.8769,39.4701],[-86.8768,39.4701],[-86.8767,39.4701],[-86.8767,39.4701],[-86.8766,39.47],[-86.8766,39.47],[-86.8765,39.47],[-86.8764,39.4699],[-86.8764,39.4699],[-86.8764,39.4698],[-86.8764,39.4698],[-86.8763,39.4697],[-86.8763,39.4697],[-86.8762,39.4697],[-86.8761,39.4696],[-86.8761,39.4696],[-86.8761,39.4696],[-86.876,39.4695],[-86.8759,39.4696],[-86.8759,39.4696],[-86.8758,39.4696],[-86.8758,39.4696],[-86.8757,39.4696],[-86.8757,39.4697],[-86.8756,39.4697],[-86.8756,39.4697],[-86.8755,39.4696],[-86.8755,39.4696],[-86.8754,39.4696],[-86.8754,39.4695],[-86.8753,39.4695],[-86.8752,39.4695],[-86.8751,39.4696],[-86.8751,39.4696],[-86.875,39.4696],[-86.8749,39.4696],[-86.8749,39.4696],[-86.8749,39.4695],[-86.8748,39.4694],[-86.8748,39.4694],[-86.8748,39.4693],[-86.8747,39.4693],[-86.8747,39.4693],[-86.8746,39.4692],[-86.8746,39.4692],[-86.8745,39.4692],[-86.8744,39.4692],[-86.8744,39.4692],[-86.8743,39.4692],[-86.8742,39.4692],[-86.8742,39.4692],[-86.8741,39.4692],[-86.874,39.4692],[-86.874,39.4692],[-86.8739,39.4692],[-86.8739,39.4691],[-86.8738,39.4691],[-86.8738,39.469],[-86.8737,39.469],[-86.8736,39.469],[-86.8736,39.4689],[-86.8735,39.4689],[-86.8735,39.4688],[-86.8735,39.4687],[-86.8736,39.4687],[-86.8736,39.4687],[-86.8737,39.4687],[-86.8737,39.4686],[-86.8738,39.4686],[-86.8739,39.4686],[-86.8739,39.4685],[-86.8739,39.4685],[-86.8739,39.4684],[-86.8738,39.4684],[-86.8738,39.4683],[-86.8737,39.4683],[-86.8737,39.4682],[-86.8737,39.4682],[-86.8737,39.4681],[-86.8737,39.468],[-86.8738,39.468],[-86.8738,39.468],[-86.8739,39.4679],[-86.8739,39.4679],[-86.874,39.4678],[-86.874,39.4678],[-86.874,39.4677],[-86.874,39.4676],[-86.874,39.4676],[-86.874,39.4675],[-86.874,39.4674],[-86.8739,39.4674],[-86.8739,39.4673],[-86.8739,39.4673],[-86.8738,39.4672],[-86.8738,39.4672],[-86.8737,39.4671],[-86.8737,39.4671],[-86.8736,39.4671],[-86.8735,39.4672],[-86.8734,39.4672],[-86.8734,39.4671],[-86.8733,39.4671],[-86.8733,39.467],[-86.8734,39.467],[-86.8734,39.4669],[-86.8734,39.4669],[-86.8735,39.4668],[-86.8735,39.4668],[-86.8736,39.4668],[-86.8736,39.4667],[-86.8737,39.4667],[-86.8737,39.4667],[-86.8738,39.4666],[-86.8739,39.4666],[-86.8739,39.4666],[-86.874,39.4666],[-86.8741,39.4666],[-86.8741,39.4666],[-86.8742,39.4666],[-86.8743,39.4666],[-86.8743,39.4666],[-86.8744,39.4667],[-86.8745,39.4667],[-86.8745,39.4667],[-86.8746,39.4667],[-86.8747,39.4666],[-86.8747,39.4666],[-86.8748,39.4666],[-86.8748,39.4665],[-86.8748,39.4665],[-86.8748,39.4664],[-86.8748,39.4663],[-86.8748,39.4663],[-86.8748,39.4662],[-86.8748,39.4662],[-86.8748,39.4661],[-86.8748,39.4661],[-86.8748,39.466],[-86.8748,39.466],[-86.8749,39.4659],[-86.8749,39.4659],[-86.8749,39.4658],[-86.875,39.4658],[-86.8749,39.4657],[-86.8749,39.4656],[-86.8749,39.4656],[-86.8748,39.4656],[-86.8747,39.4655],[-86.8747,39.4655],[-86.8746,39.4655],[-86.8745,39.4655],[-86.8745,39.4656],[-86.8744,39.4656],[-86.8744,39.4656],[-86.8743,39.4656],[-86.8742,39.4656],[-86.8741,39.4656],[-86.874,39.4657],[-86.874,39.4657],[-86.8739,39.4657],[-86.8738,39.4657],[-86.8738,39.4657],[-86.8737,39.4657],[-86.8736,39.4657],[-86.8736,39.4656],[-86.8735,39.4656],[-86.8734,39.4656],[-86.8734,39.4656],[-86.8733,39.4655],[-86.8732,39.4655],[-86.8732,39.4656],[-86.8732,39.4656],[-86.8732,39.4657],[-86.8732,39.4657],[-86.8731,39.4658],[-86.8731,39.4659],[-86.8731,39.4659],[-86.8731,39.466],[-86.8731,39.466],[-86.8731,39.466],[-86.873,39.4661],[-86.873,39.4661],[-86.873,39.4662],[-86.8729,39.4662],[-86.8729,39.4663],[-86.8729,39.4663],[-86.8728,39.4664],[-86.8728,39.4664],[-86.8727,39.4664],[-86.8726,39.4664],[-86.8726,39.4665],[-86.8725,39.4665],[-86.8724,39.4665],[-86.8724,39.4665],[-86.8723,39.4665],[-86.8722,39.4665],[-86.8722,39.4666],[-86.8721,39.4666],[-86.872,39.4666],[-86.872,39.4666],[-86.872,39.4667],[-86.8719,39.4667],[-86.8719,39.4668],[-86.8718,39.4668],[-86.8718,39.4669],[-86.8718,39.4669],[-86.8717,39.467],[-86.8717,39.467],[-86.8716,39.467],[-86.8716,39.4671],[-86.8715,39.4671],[-86.8715,39.4672],[-86.8714,39.4672],[-86.8714,39.4673],[-86.8714,39.4673],[-86.8714,39.4674],[-86.8714,39.4674],[-86.8714,39.4675],[-86.8714,39.4675],[-86.8714,39.4676],[-86.8715,39.4676],[-86.8715,39.4677],[-86.8716,39.4677],[-86.8716,39.4678],[-86.8717,39.4678],[-86.8717,39.4679],[-86.8717,39.4679],[-86.8717,39.468],[-86.8718,39.4681],[-86.8718,39.4681],[-86.8718,39.4682],[-86.8718,39.4682],[-86.8718,39.4683],[-86.8718,39.4683],[-86.8718,39.4684],[-86.8718,39.4685],[-86.8718,39.4685],[-86.8719,39.4686],[-86.8719,39.4686],[-86.8719,39.4687],[-86.872,39.4687],[-86.872,39.4688],[-86.8721,39.4688],[-86.8721,39.4689],[-86.8721,39.4689],[-86.8721,39.469],[-86.8722,39.469],[-86.8722,39.4691],[-86.8722,39.4691],[-86.8723,39.4692],[-86.8723,39.4692],[-86.8723,39.4693],[-86.8723,39.4694],[-86.8723,39.4694],[-86.8723,39.4695],[-86.8722,39.4695],[-86.8722,39.4696],[-86.8723,39.4697],[-86.8723,39.4697],[-86.8723,39.4698],[-86.8724,39.4698],[-86.8725,39.4698],[-86.8725,39.4699],[-86.8726,39.4699],[-86.8726,39.47],[-86.8726,39.47],[-86.8726,39.4701],[-86.8726,39.4702],[-86.8726,39.4702],[-86.8727,39.4703],[-86.8727,39.4703],[-86.8727,39.4704],[-86.8727,39.4704],[-86.8727,39.4705],[-86.8728,39.4705],[-86.8728,39.4706],[-86.8728,39.4706],[-86.8727,39.4707],[-86.8727,39.4708],[-86.8727,39.4708],[-86.8727,39.4709],[-86.8727,39.4709],[-86.8727,39.471],[-86.8727,39.471],[-86.8727,39.4711],[-86.8727,39.4711],[-86.8727,39.4712],[-86.8727,39.4713],[-86.8727,39.4713],[-86.8728,39.4714],[-86.8728,39.4714],[-86.8728,39.4715],[-86.8728,39.4715],[-86.8728,39.4716],[-86.8728,39.4717],[-86.8728,39.4717],[-86.8728,39.4718],[-86.8728,39.4718],[-86.8728,39.4719],[-86.8727,39.4719],[-86.8726,39.4719],[-86.8726,39.4719],[-86.8725,39.4719],[-86.8724,39.472],[-86.8724,39.472],[-86.8723,39.4721],[-86.8723,39.472],[-86.8723,39.472],[-86.8722,39.4719],[-86.8722,39.4718],[-86.8723,39.4718],[-86.8723,39.4717],[-86.8723,39.4717],[-86.8723,39.4716],[-86.8723,39.4715],[-86.8723,39.4715],[-86.8723,39.4714],[-86.8722,39.4714],[-86.8721,39.4714],[-86.8721,39.4713],[-86.872,39.4713],[-86.872,39.4712],[-86.872,39.4712],[-86.872,39.4711],[-86.872,39.4711],[-86.872,39.471],[-86.872,39.471],[-86.872,39.4709],[-86.872,39.4709],[-86.8719,39.4708],[-86.8719,39.4708],[-86.8718,39.4707],[-86.8718,39.4707],[-86.8717,39.4707],[-86.8716,39.4707],[-86.8716,39.4707],[-86.8715,39.4707],[-86.8714,39.4707],[-86.8714,39.4707],[-86.8713,39.4707],[-86.8713,39.4707],[-86.8712,39.4706],[-86.8711,39.4706],[-86.8711,39.4706],[-86.8711,39.4706],[-86.871,39.4705],[-86.8709,39.4705],[-86.8709,39.4706],[-86.8709,39.4706],[-86.8709,39.4707],[-86.8708,39.4707],[-86.8708,39.4708],[-86.8708,39.4708],[-86.8708,39.4708],[-86.8707,39.4709],[-86.8707,39.4709],[-86.8706,39.4709],[-86.8705,39.4709],[-86.8705,39.4709],[-86.8705,39.4708],[-86.8705,39.4708],[-86.8705,39.4707],[-86.8705,39.4706],[-86.8705,39.4706],[-86.8705,39.4705],[-86.8704,39.4705],[-86.8704,39.4704],[-86.8704,39.4704],[-86.8703,39.4703],[-86.8703,39.4703],[-86.8703,39.4702],[-86.8703,39.4702],[-86.8702,39.4701],[-86.8702,39.4701],[-86.8702,39.47],[-86.8702,39.47],[-86.8701,39.4699],[-86.87,39.4699],[-86.87,39.4699],[-86.8699,39.4698],[-86.8699,39.4698],[-86.8698,39.4698],[-86.8697,39.4699],[-86.8697,39.4699],[-86.8696,39.4699],[-86.8695,39.4699],[-86.8695,39.4699],[-86.8694,39.4699],[-86.8694,39.4699],[-86.8694,39.4698],[-86.8694,39.4698],[-86.8695,39.4697],[-86.8695,39.4697],[-86.8695,39.4696],[-86.8696,39.4696],[-86.8695,39.4695],[-86.8695,39.4695],[-86.8695,39.4694],[-86.8695,39.4694],[-86.8694,39.4693],[-86.8694,39.4693],[-86.8693,39.4692],[-86.8692,39.4692],[-86.8692,39.4692],[-86.8691,39.4692],[-86.869,39.4692],[-86.869,39.4692],[-86.8689,39.4693],[-86.8688,39.4693],[-86.8688,39.4693],[-86.8687,39.4694],[-86.8687,39.4694],[-86.8686,39.4695],[-86.8686,39.4695],[-86.8685,39.4695],[-86.8684,39.4695],[-86.8684,39.4696],[-86.8684,39.4696],[-86.8683,39.4697],[-86.8683,39.4697],[-86.8682,39.4698],[-86.8682,39.4698],[-86.8681,39.4698],[-86.8681,39.4698],[-86.868,39.4697],[-86.868,39.4697],[-86.868,39.4696],[-86.8679,39.4696],[-86.8679,39.4695],[-86.8679,39.4695],[-86.8679,39.4694],[-86.8679,39.4694],[-86.8678,39.4693],[-86.8678,39.4693],[-86.8678,39.4692],[-86.8677,39.4692],[-86.8677,39.4691],[-86.8676,39.4691],[-86.8675,39.4691],[-86.8675,39.4691],[-86.8674,39.4691],[-86.8673,39.4692],[-86.8673,39.4692],[-86.8673,39.4693],[-86.8673,39.4694],[-86.8672,39.4694],[-86.8672,39.4695],[-86.8671,39.4695],[-86.8671,39.4695],[-86.8671,39.4696],[-86.867,39.4696],[-86.867,39.4697],[-86.867,39.4697],[-86.867,39.4698],[-86.8671,39.4698],[-86.8672,39.4698],[-86.8672,39.4699],[-86.8673,39.4699],[-86.8673,39.47],[-86.8673,39.47],[-86.8672,39.4701],[-86.8672,39.4701],[-86.8671,39.4701],[-86.867,39.4701],[-86.867,39.4701],[-86.8669,39.4701]]]},"properties":{"FLD_ZONE":"A","flood_risk":"HIGH"}},{"type":"Feature","geometry":{"type":"Polygon","coordinates":[[[-86.6904,38.9964],[-86.6904,38.9963],[-86.6903,38.9962],[-86.6902,38.9963],[-86.6897,38.9966],[-86.689,38.9973],[-86.6886,38.9976],[-86.6879,38.9977],[-86.6877,38.9977],[-86.6874,38.9978],[-86.6871,38.998],[-86.6867,38.9986],[-86.6863,38.999],[-86.686,38.9995],[-86.6859,38.9998],[-86.686,39],[-86.6862,39.0003],[-86.6865,39.0008],[-86.6868,39.0014],[-86.6873,39.0018],[-86.6876,39.002],[-86.6894,39.0025],[-86.6898,39.0027],[-86.6907,39.0035],[-86.6912,39.0039],[-86.6914,39.004],[-86.6916,39.0041],[-86.6917,39.0042],[-86.6918,39.0044],[-86.6926,39.0051],[-86.6932,39.0056],[-86.6934,39.0057],[-86.6937,39.0059],[-86.6938,39.006],[-86.6938,39.0061],[-86.6937,39.0063],[-86.6936,39.0064],[-86.6932,39.0067],[-86.6931,39.0069],[-86.6932,39.0073],[-86.6939,39.0083],[-86.6941,39.0088],[-86.6943,39.0094],[-86.6947,39.0098],[-86.6949,39.0102],[-86.695,39.011],[-86.6951,39.0113],[-86.6954,39.0115],[-86.6959,39.0121],[-86.6964,39.0128],[-86.6967,39.0142],[-86.6967,39.0147],[-86.6966,39.0151],[-86.6963,39.0159],[-86.6959,39.0165],[-86.6939,39.0202],[-86.6939,39.0207],[-86.6939,39.0209],[-86.694,39.0212],[-86.6944,39.0216],[-86.6954,39.0222],[-86.6957,39.0224],[-86.696,39.0224],[-86.6963,39.0224],[-86.6965,39.0225],[-86.6996,39.0236],[-86.7014,39.0247],[-86.7034,39.0262],[-86.7041,39.027],[-86.7042,39.0272],[-86.7044,39.0282],[-86.7043,39.0297],[-86.7042,39.0304],[-86.7039,39.0309],[-86.7038,39.0318],[-86.7037,39.0321],[-86.7035,39.0324],[-86.7034,39.0325],[-86.7035,39.0327],[-86.7036,39.033],[-86.7036,39.0333],[-86.7035,39.0336],[-86.7034,39.0338],[-86.703,39.0341],[-86.7026,39.0342],[-86.7022,39.0342],[-86.7014,39.0344],[-86.7011,39.0345],[-86.7009,39.0347],[-86.7008,39.0351],[-86.7003,39.0365],[-86.7002,39.0369],[-86.7,39.0372],[-86.6996,39.0376],[-86.6993,39.0377],[-86.6985,39.0379],[-86.6982,39.0379],[-86.698,39.0381],[-86.6976,39.0382],[-86.6962,39.0382],[-86.6958,39.0383],[-86.6957,39.0383],[-86.6955,39.0386],[-86.6955,39.0387],[-86.6954,39.0388],[-86.6952,39.0391],[-86.6947,39.0395],[-86.6943,39.0402],[-86.6941,39.0409],[-86.6941,39.0424],[-86.6942,39.0426],[-86.6942,39.043],[-86.694,39.0436],[-86.6937,39.0444],[-86.6935,39.0446],[-86.6935,39.0451],[-86.6935,39.0454],[-86.6931,39.0458],[-86.6929,39.0461],[-86.6928,39.0463],[-86.6929,39.0465],[-86.693,39.0467],[-86.6932,39.0469],[-86.6933,39.0471],[-86.6933,39.0472],[-86.6933,39.0475],[-86.6934,39.0482],[-86.6935,39.0486],[-86.6935,39.0489],[-86.6933,39.0491],[-86.6932,39.0493],[-86.6932,39.0497],[-86.6931,39.0504],[-86.6929,39.051],[-86.6929,39.0514],[-86.693,39.0516],[-86.693,39.0521],[-86.6929,39.0524],[-86.6928,39.0526],[-86.692,39.0533],[-86.6917,39.0536],[-86.6916,39.0538],[-86.6915,39.0539],[-86.6912,39.054],[-86.6908,39.054],[-86.6904,39.0541],[-86.69,39.0543],[-86.6891,39.0545],[-86.6884,39.0547],[-86.6871,39.0551],[-86.6865,39.0553],[-86.6855,39.0553],[-86.682,39.0566],[-86.6866,39.054],[-86.6868,39.054],[-86.6875,39.0537],[-86.6879,39.0536],[-86.6891,39.0535],[-86.6894,39.0534],[-86.6898,39.0532],[-86.6903,39.0529],[-86.6906,39.0526],[-86.6906,39.0523],[-86.6905,39.0521],[-86.6904,39.0519],[-86.6905,39.0518],[-86.6912,39.0512],[-86.6913,39.051],[-86.6915,39.0506],[-86.6915,39.0505],[-86.6917,39.0503],[-86.6919,39.0499],[-86.692,39.0488],[-86.6921,39.0484],[-86.6921,39.0479],[-86.6919,39.0474],[-86.6916,39.0471],[-86.6915,39.0469],[-86.6913,39.0452],[-86.6913,39.0443],[-86.6914,39.044],[-86.6922,39.0433],[-86.6926,39.043],[-86.6928,39.0427],[-86.6929,39.0421],[-86.6928,39.0415],[-86.6932,39.0398],[-86.6935,39.0392],[-86.6938,39.0388],[-86.6946,39.0376],[-86.6954,39.037],[-86.6958,39.0368],[-86.6963,39.0367],[-86.6975,39.0367],[-86.6978,39.0366],[-86.698,39.0365],[-86.6996,39.0353],[-86.6997,39.0352],[-86.6997,39.0349],[-86.6997,39.0344],[-86.6998,39.0342],[-86.6998,39.0342],[-86.7009,39.0336],[-86.7015,39.0332],[-86.7017,39.0329],[-86.7022,39.0322],[-86.7025,39.0319],[-86.7028,39.0314],[-86.703,39.0308],[-86.7035,39.0283],[-86.7035,39.028],[-86.7035,39.0274],[-86.703,39.0268],[-86.7015,39.0258],[-86.6996,39.0247],[-86.6965,39.0235],[-86.6933,39.0226],[-86.6932,39.0225],[-86.6932,39.0225],[-86.6932,39.0218],[-86.693,39.0215],[-86.6928,39.0209],[-86.6929,39.0192],[-86.6932,39.0181],[-86.6945,39.0154],[-86.6948,39.014],[-86.6946,39.0131],[-86.6941,39.0119],[-86.6925,39.0082],[-86.6918,39.0076],[-86.6916,39.0073],[-86.6911,39.006],[-86.6907,39.0053],[-86.6899,39.0044],[-86.6893,39.0042],[-86.6887,39.0042],[-86.6882,39.0042],[-86.6881,39.0043],[-86.6879,39.0046],[-86.6867,39.0068],[-86.6865,39.007],[-86.6864,39.0071],[-86.6854,39.0083],[-86.6853,39.0086],[-86.6851,39.0091],[-86.685,39.0094],[-86.6837,39.0092],[-86.6839,39.0088],[-86.6839,39.0083],[-86.684,39.008],[-86.6842,39.0078],[-86.6844,39.0074],[-86.6852,39.0066],[-86.6857,39.006],[-86.6862,39.0049],[-86.6865,39.0041],[-86.6865,39.0033],[-86.6852,39.0007],[-86.6844,38.9995],[-86.6843,38.9992],[-86.6842,38.9991],[-86.6843,38.9984],[-86.6844,38.9982],[-86.6846,38.9981],[-86.6859,38.9973],[-86.6871,38.9969],[-86.6873,38.9969],[-86.6874,38.9967],[-86.6876,38.9963],[-86.6876,38.9963],[-86.6882,38.9959],[-86.6891,38.9955],[-86.6901,38.9953],[-86.6907,38.995],[-86.6913,38.9946],[-86.6917,38.994],[-86.6918,38.9936],[-86.6922,38.9935],[-86.6924,38.9935],[-86.6927,38.9934],[-86.693,38.9933],[-86.6931,38.9932],[-86.6933,38.993],[-86.6933,38.9929],[-86.6934,38.9927],[-86.6936,38.9926],[-86.6937,38.9927],[-86.6938,38.9926],[-86.6939,38.9926],[-86.6939,38.9924],[-86.6937,38.9922],[-86.6934,38.9921],[-86.6926,38.9919],[-86.6925,38.9918],[-86.6924,38.9918],[-86.6924,38.9917],[-86.6927,38.9914],[-86.6932,38.9912],[-86.6937,38.9911],[-86.6938,38.9911],[-86.694,38.9912],[-86.6942,38.9912],[-86.6943,38.9911],[-86.6942,38.9909],[-86.6938,38.9905],[-86.6938,38.9904],[-86.6938,38.9903],[-86.6939,38.9903],[-86.6944,38.9903],[-86.6944,38.9903],[-86.6946,38.9901],[-86.6947,38.9892],[-86.6948,38.9888],[-86.6949,38.9887],[-86.6951,38.9886],[-86.6953,38.9884],[-86.6953,38.988],[-86.6951,38.9877],[-86.6951,38.9876],[-86.695,38.9874],[-86.6951,38.9873],[-86.6954,38.9872],[-86.6954,38.987],[-86.6954,38.9869],[-86.6954,38.9868],[-86.6949,38.9863],[-86.6948,38.9862],[-86.6949,38.9861],[-86.6952,38.9857],[-86.6954,38.9854],[-86.6954,38.985],[-86.6953,38.9847],[-86.6948,38.9843],[-86.6948,38.9842],[-86.6948,38.984],[-86.6949,38.9839],[-86.695,38.9838],[-86.6952,38.9837],[-86.6953,38.9834],[-86.6952,38.9832],[-86.695,38.9829],[-86.6946,38.9824],[-86.6945,38.9823],[-86.6945,38.9823],[-86.6947,38.9822],[-86.6947,38.9822],[-86.6948,38.982],[-86.6948,38.9814],[-86.6946,38.9811],[-86.6945,38.981],[-86.6939,38.9806],[-86.6938,38.9804],[-86.6938,38.9804],[-86.694,38.9803],[-86.6944,38.9803],[-86.6947,38.9802],[-86.6947,38.9801],[-86.6947,38.98],[-86.6945,38.9796],[-86.6943,38.9793],[-86.6943,38.9791],[-86.6943,38.979],[-86.6944,38.9788],[-86.6948,38.9779],[-86.695,38.9777],[-86.6953,38.9773],[-86.6963,38.9768],[-86.6964,38.9766],[-86.6967,38.9761],[-86.6983,38.9749],[-86.6983,38.9748],[-86.6984,38.9747],[-86.6985,38.9746],[-86.6991,38.9743],[-86.6996,38.974],[-86.6999,38.9733],[-86.6999,38.9729],[-86.6997,38.9721],[-86.6994,38.9712],[-86.699,38.9707],[-86.6973,38.9697],[-86.6966,38.9694],[-86.6964,38.9693],[-86.6961,38.9693],[-86.696,38.9693],[-86.6958,38.9691],[-86.6957,38.969],[-86.6955,38.969],[-86.6954,38.9689],[-86.6954,38.9688],[-86.6954,38.9681],[-86.6954,38.9678],[-86.6955,38.9677],[-86.6956,38.9676],[-86.6958,38.9674],[-86.6963,38.9668],[-86.6971,38.9651],[-86.6974,38.9641],[-86.6975,38.9638],[-86.698,38.9632],[-86.6984,38.9629],[-86.6986,38.9626],[-86.6986,38.9624],[-86.6985,38.9622],[-86.6984,38.9622],[-86.6969,38.9617],[-86.6966,38.9616],[-86.6963,38.9616],[-86.696,38.9615],[-86.6956,38.9612],[-86.6952,38.9611],[-86.6948,38.961],[-86.694,38.961],[-86.6937,38.961],[-86.6928,38.9611],[-86.6916,38.9615],[-86.6905,38.9618],[-86.689,38.9619],[-86.6887,38.9618],[-86.6886,38.9618],[-86.6879,38.9612],[-86.6874,38.9609],[-86.6872,38.9608],[-86.6869,38.9609],[-86.6868,38.961],[-86.6867,38.9612],[-86.6867,38.9615],[-86.6868,38.9618],[-86.6872,38.9622],[-86.6874,38.9624],[-86.6875,38.9626],[-86.6875,38.9627],[-86.6873,38.9627],[-86.6872,38.9627],[-86.687,38.9628],[-86.6869,38.9628],[-86.6866,38.963],[-86.6865,38.963],[-86.6864,38.963],[-86.6863,38.963],[-86.686,38.9627],[-86.6857,38.962],[-86.6857,38.9619],[-86.6858,38.9617],[-86.6861,38.9605],[-86.6863,38.9597],[-86.6862,38.9596],[-86.686,38.9593],[-86.6828,38.9563],[-86.685,38.9576],[-86.6854,38.9578],[-86.6862,38.9582],[-86.6873,38.959],[-86.6875,38.9593],[-86.6879,38.9601],[-86.6884,38.9607],[-86.6892,38.9611],[-86.6895,38.9612],[-86.6898,38.9613],[-86.6899,38.9612],[-86.6908,38.9607],[-86.691,38.9606],[-86.6915,38.9605],[-86.692,38.9605],[-86.6934,38.9602],[-86.6944,38.9602],[-86.6955,38.9603],[-86.6957,38.9603],[-86.6984,38.9613],[-86.6991,38.9617],[-86.6992,38.9618],[-86.6994,38.9621],[-86.6994,38.9627],[-86.6992,38.9635],[-86.6989,38.9641],[-86.6984,38.9646],[-86.6981,38.9648],[-86.6979,38.9649],[-86.6977,38.9652],[-86.6976,38.9658],[-86.6974,38.9663],[-86.6968,38.9671],[-86.6966,38.9676],[-86.6965,38.9682],[-86.6965,38.9685],[-86.6967,38.9686],[-86.6969,38.9688],[-86.6976,38.969],[-86.6984,38.9693],[-86.6987,38.9695],[-86.7001,38.9708],[-86.701,38.9717],[-86.7012,38.9724],[-86.7016,38.9737],[-86.7026,38.9765],[-86.7032,38.9775],[-86.7037,38.9781],[-86.7041,38.9781],[-86.7043,38.978],[-86.7045,38.978],[-86.7054,38.9784],[-86.706,38.9785],[-86.7068,38.9787],[-86.7073,38.9787],[-86.708,38.9786],[-86.7085,38.9787],[-86.7087,38.9788],[-86.7097,38.9793],[-86.7101,38.9797],[-86.7102,38.9798],[-86.7102,38.9806],[-86.7096,38.9804],[-86.7088,38.98],[-86.7082,38.9799],[-86.7079,38.9799],[-86.7077,38.9799],[-86.7075,38.98],[-86.7074,38.9801],[-86.7073,38.9801],[-86.707,38.9799],[-86.7069,38.9797],[-86.7068,38.9795],[-86.7067,38.9794],[-86.7064,38.9792],[-86.706,38.9792],[-86.7052,38.9792],[-86.7049,38.9791],[-86.7048,38.9791],[-86.7035,38.9789],[-86.703,38.9789],[-86.7029,38.9789],[-86.7023,38.9783],[-86.7006,38.9764],[-86.7004,38.976],[-86.7001,38.9757],[-86.6998,38.9755],[-86.6995,38.9754],[-86.6993,38.9755],[-86.6991,38.9756],[-86.6986,38.9759],[-86.6983,38.9762],[-86.698,38.9766],[-86.6973,38.9778],[-86.697,38.9785],[-86.6969,38.9792],[-86.6969,38.9812],[-86.6971,38.9822],[-86.6974,38.9838],[-86.6975,38.9864],[-86.6979,38.9874],[-86.698,38.9875],[-86.698,38.9876],[-86.698,38.9877],[-86.698,38.9878],[-86.6979,38.9879],[-86.6978,38.988],[-86.6978,38.9882],[-86.6976,38.9894],[-86.6975,38.9899],[-86.6973,38.9901],[-86.697,38.9902],[-86.6969,38.9903],[-86.6967,38.9904],[-86.6965,38.9906],[-86.6962,38.9913],[-86.6961,38.9914],[-86.6961,38.9918],[-86.6962,38.9921],[-86.6963,38.9924],[-86.6963,38.9925],[-86.6963,38.9927],[-86.6962,38.9929],[-86.6962,38.9931],[-86.6962,38.9934],[-86.6961,38.9936],[-86.696,38.9939],[-86.6958,38.9941],[-86.6949,38.9943],[-86.6946,38.9945],[-86.6938,38.9951],[-86.6936,38.9953],[-86.6932,38.9956],[-86.693,38.9959],[-86.6927,38.9962],[-86.6922,38.9966],[-86.692,38.9971],[-86.6916,38.9983],[-86.6914,38.9986],[-86.6913,38.9988],[-86.6911,38.9988],[-86.6909,38.9987],[-86.6907,38.9986],[-86.6907,38.9984],[-86.6907,38.9982],[-86.6909,38.9978],[-86.6909,38.9976],[-86.6908,38.9975],[-86.6906,38.9974],[-86.6905,38.9974],[-86.6904,38.997],[-86.6904,38.9966]]]},"properties":{"FLD_ZONE":"A","flood_risk":"HIGH"}},{"type":"Feature","geometry":{"type":"Polygon","coordinates":[[[-86.4336,39.5308],[-86.4329,39.5308],[-86.4334,39.5305],[-86.4341,39.5303],[-86.4347,39.5299],[-86.4349,39.5296],[-86.4348,39.5289],[-86.4345,39.5283],[-86.4345,39.5279],[-86.4345,39.5269],[-86.4345,39.5261],[-86.4346,39.525],[-86.4345,39.5243],[-86.4343,39.5237],[-86.4339,39.5229],[-86.433,39.5222],[-86.4325,39.5218],[-86.432,39.5218],[-86.4314,39.5213],[-86.4313,39.5211],[-86.4315,39.5207],[-86.4311,39.5203],[-86.4309,39.5198],[-86.4311,39.5194],[-86.4311,39.5186],[-86.4307,39.5181],[-86.4305,39.5176],[-86.4304,39.5172],[-86.4301,39.517],[-86.4298,39.5165],[-86.4298,39.516],[-86.4295,39.5156],[-86.4298,39.5152],[-86.4299,39.5149],[-86.43,39.5146],[-86.4302,39.5144],[-86.4303,39.5138],[-86.4307,39.5131],[-86.431,39.5127],[-86.431,39.5123],[-86.4315,39.5122],[-86.4324,39.5123],[-86.4333,39.5123],[-86.4342,39.5121],[-86.4354,39.5117],[-86.4363,39.5116],[-86.4369,39.5108],[-86.4361,39.5104],[-86.4353,39.5101],[-86.4347,39.5095],[-86.4347,39.5089],[-86.435,39.5082],[-86.4352,39.5073],[-86.4353,39.5066],[-86.435,39.5063],[-86.435,39.5048],[-86.4348,39.5038],[-86.4349,39.5035],[-86.435,39.5032],[-86.4355,39.5027],[-86.4361,39.5023],[-86.4367,39.5019],[-86.4368,39.5015],[-86.436,39.5012],[-86.4355,39.501],[-86.4346,39.5008],[-86.434,39.5009],[-86.4332,39.501],[-86.4328,39.5009],[-86.4316,39.5007],[-86.4314,39.5003],[-86.4312,39.4997],[-86.431,39.5],[-86.4305,39.5001],[-86.4305,39.4998],[-86.4297,39.4997],[-86.4292,39.4997],[-86.4289,39.4995],[-86.4277,39.4995],[-86.4266,39.4997],[-86.4265,39.4994],[-86.4271,39.4983],[-86.4275,39.4974],[-86.4278,39.4968],[-86.4284,39.4958],[-86.4288,39.495],[-86.4292,39.4943],[-86.4295,39.4938],[-86.4297,39.4931],[-86.4298,39.4928],[-86.4301,39.4933],[-86.4302,39.4941],[-86.4303,39.4945],[-86.4302,39.4949],[-86.4302,39.496],[-86.4304,39.4969],[-86.4303,39.4976],[-86.4306,39.4977],[-86.431,39.4981],[-86.4318,39.4982],[-86.4327,39.4981],[-86.433,39.4983],[-86.4326,39.4987],[-86.4323,39.4991],[-86.4324,39.4997],[-86.4332,39.5007],[-86.4337,39.5007],[-86.4337,39.5002],[-86.4335,39.4982],[-86.4344,39.4981],[-86.4348,39.4978],[-86.4352,39.4978],[-86.4357,39.4984],[-86.4369,39.4985],[-86.4377,39.4985],[-86.4375,39.4989],[-86.4379,39.4991],[-86.4384,39.5],[-86.4393,39.5009],[-86.4396,39.5014],[-86.4395,39.5023],[-86.4393,39.5028],[-86.4388,39.5031],[-86.4385,39.5039],[-86.4383,39.5043],[-86.4378,39.5049],[-86.4374,39.5054],[-86.4377,39.5062],[-86.4375,39.5068],[-86.4376,39.5072],[-86.4377,39.5075],[-86.4371,39.5081],[-86.4374,39.5085],[-86.4378,39.5088],[-86.438,39.5091],[-86.4383,39.5093],[-86.4386,39.5095],[-86.439,39.5099],[-86.4391,39.5105],[-86.4389,39.5111],[-86.4387,39.5116],[-86.4381,39.5122],[-86.4381,39.5127],[-86.4375,39.5127],[-86.4368,39.5131],[-86.4365,39.5132],[-86.4358,39.5131],[-86.4352,39.5131],[-86.4352,39.5135],[-86.4348,39.5138],[-86.4343,39.514],[-86.4331,39.5139],[-86.4325,39.514],[-86.4323,39.5148],[-86.4323,39.5157],[-86.4325,39.5162],[-86.4327,39.5165],[-86.433,39.517],[-86.4332,39.5175],[-86.4337,39.5182],[-86.4339,39.5188],[-86.4335,39.5198],[-86.4333,39.5207],[-86.4334,39.5212],[-86.4333,39.5216],[-86.4338,39.5217],[-86.434,39.522],[-86.4343,39.522],[-86.4349,39.5222],[-86.4351,39.5227],[-86.4352,39.523],[-86.4356,39.5233],[-86.4357,39.5237],[-86.4355,39.524],[-86.4357,39.5244],[-86.4358,39.5248],[-86.4358,39.5254],[-86.4355,39.526],[-86.4356,39.5264],[-86.4358,39.527],[-86.4361,39.5273],[-86.4356,39.5276],[-86.4358,39.5278],[-86.436,39.5284],[-86.4363,39.5287],[-86.4362,39.529],[-86.4363,39.5296],[-86.4363,39.5304],[-86.4364,39.5309],[-86.4363,39.5317],[-86.436,39.5321],[-86.4359,39.533],[-86.4358,39.5333],[-86.4358,39.5337],[-86.4357,39.534],[-86.4357,39.5347],[-86.4356,39.5358],[-86.4355,39.5362],[-86.4355,39.537],[-86.4358,39.5377],[-86.4361,39.5379],[-86.4364,39.5381],[-86.4365,39.5384],[-86.4369,39.5388],[-86.4372,39.5392],[-86.4378,39.5395],[-86.4376,39.5398],[-86.4378,39.5403],[-86.4379,39.5407],[-86.4383,39.5412],[-86.4388,39.5415],[-86.4393,39.5416],[-86.4393,39.542],[-86.4392,39.5422],[-86.4394,39.5426],[-86.4397,39.5431],[-86.4399,39.5438],[-86.4397,39.544],[-86.4393,39.5445],[-86.4391,39.5452],[-86.4391,39.5458],[-86.4391,39.5465],[-86.439,39.547],[-86.4391,39.5475],[-86.4396,39.5474],[-86.44,39.5476],[-86.4405,39.548],[-86.4406,39.5488],[-86.4404,39.5495],[-86.4402,39.5502],[-86.4404,39.5508],[-86.4404,39.5514],[-86.4406,39.5518],[-86.4409,39.5521],[-86.4409,39.5525],[-86.4413,39.5528],[-86.4412,39.5532],[-86.4417,39.5534],[-86.4423,39.5534],[-86.4426,39.5536],[-86.4431,39.5539],[-86.4434,39.5542],[-86.4435,39.5548],[-86.4437,39.5558],[-86.4435,39.5567],[-86.4433,39.5573],[-86.4439,39.5574],[-86.4443,39.5572],[-86.4451,39.557],[-86.4456,39.5571],[-86.4462,39.5572],[-86.4466,39.5569],[-86.4474,39.557],[-86.4482,39.5569],[-86.4487,39.5568],[-86.4491,39.5564],[-86.4495,39.5562],[-86.4497,39.5567],[-86.4496,39.5571],[-86.4502,39.5573],[-86.4508,39.5576],[-86.4512,39.5579],[-86.4518,39.5582],[-86.4522,39.5586],[-86.4529,39.5589],[-86.4533,39.5592],[-86.454,39.5597],[-86.4546,39.56],[-86.4552,39.5601],[-86.4551,39.5606],[-86.4557,39.5611],[-86.4561,39.5616],[-86.4567,39.5618],[-86.4566,39.5621],[-86.4565,39.5624],[-86.4566,39.563],[-86.4556,39.5626],[-86.455,39.5619],[-86.4546,39.5621],[-86.4543,39.5628],[-86.454,39.5635],[-86.4537,39.5641],[-86.4539,39.5646],[-86.454,39.5654],[-86.4541,39.5661],[-86.4548,39.5664],[-86.4553,39.567],[-86.4556,39.5676],[-86.456,39.5684],[-86.4561,39.5688],[-86.4565,39.569],[-86.4568,39.5694],[-86.4569,39.5699],[-86.4568,39.5704],[-86.457,39.5708],[-86.4567,39.5715],[-86.4566,39.572],[-86.4558,39.5728],[-86.4558,39.5736],[-86.4563,39.5739],[-86.4568,39.5738],[-86.4571,39.5742],[-86.4566,39.5741],[-86.4562,39.5744],[-86.4554,39.5742],[-86.4548,39.5739],[-86.4543,39.574],[-86.4536,39.5741],[-86.4531,39.5743],[-86.4525,39.5745],[-86.4519,39.5748],[-86.4511,39.5753],[-86.4505,39.5756],[-86.4501,39.5761],[-86.4497,39.5766],[-86.4493,39.577],[-86.4488,39.5774],[-86.4483,39.5777],[-86.4477,39.5779],[-86.4472,39.5781],[-86.4467,39.5784],[-86.4462,39.5786],[-86.4457,39.5789],[-86.4452,39.5792],[-86.4444,39.5795],[-86.4435,39.5801],[-86.4427,39.5804],[-86.4423,39.5809],[-86.4416,39.5813],[-86.4416,39.582],[-86.4413,39.5826],[-86.4409,39.5836],[-86.4402,39.5846],[-86.4403,39.5851],[-86.4404,39.5854],[-86.4399,39.5851],[-86.4391,39.5853],[-86.4384,39.5859],[-86.4381,39.5867],[-86.4379,39.5873],[-86.4374,39.5879],[-86.4366,39.5887],[-86.4367,39.5892],[-86.4364,39.5897],[-86.436,39.5902],[-86.4356,39.5905],[-86.4352,39.5901],[-86.4356,39.5897],[-86.4357,39.5892],[-86.4359,39.5886],[-86.4362,39.588],[-86.4364,39.5875],[-86.4367,39.5871],[-86.4372,39.5866],[-86.4372,39.5861],[-86.4373,39.5855],[-86.4381,39.5849],[-86.4391,39.5844],[-86.439,39.5841],[-86.4393,39.5839],[-86.4399,39.5836],[-86.4404,39.5832],[-86.4402,39.5823],[-86.4399,39.5819],[-86.4403,39.5816],[-86.4405,39.5813],[-86.4411,39.5805],[-86.4414,39.5802],[-86.4417,39.58],[-86.4422,39.5799],[-86.4429,39.5795],[-86.4434,39.579],[-86.4439,39.5787],[-86.4441,39.5782],[-86.4445,39.5781],[-86.445,39.578],[-86.4457,39.5779],[-86.4464,39.5774],[-86.447,39.577],[-86.4472,39.5766],[-86.4475,39.5765],[-86.4479,39.5761],[-86.4488,39.5756],[-86.4489,39.5752],[-86.4489,39.5748],[-86.4495,39.5747],[-86.4497,39.5743],[-86.4501,39.5742],[-86.4506,39.5742],[-86.4512,39.5743],[-86.4521,39.5738],[-86.4527,39.5735],[-86.4528,39.5732],[-86.4535,39.5729],[-86.4539,39.5728],[-86.4543,39.5727],[-86.4549,39.5724],[-86.4552,39.572],[-86.4553,39.5717],[-86.4557,39.5712],[-86.4558,39.5707],[-86.4555,39.5699],[-86.4555,39.5693],[-86.4548,39.5686],[-86.4545,39.568],[-86.4542,39.5674],[-86.4535,39.5668],[-86.4532,39.5664],[-86.4529,39.566],[-86.4527,39.5654],[-86.4528,39.5646],[-86.4528,39.5641],[-86.4526,39.5636],[-86.4526,39.5629],[-86.4529,39.5624],[-86.4525,39.5615],[-86.4525,39.5608],[-86.4522,39.5603],[-86.4515,39.5596],[-86.4509,39.5597],[-86.4508,39.5601],[-86.4505,39.5597],[-86.4493,39.559],[-86.4486,39.5587],[-86.4475,39.5582],[-86.4465,39.5582],[-86.4458,39.5582],[-86.4446,39.5582],[-86.4436,39.5583],[-86.4426,39.5583],[-86.4415,39.559],[-86.4411,39.5593],[-86.4411,39.559],[-86.4411,39.5586],[-86.4412,39.5581],[-86.4412,39.5577],[-86.4417,39.5575],[-86.4418,39.5571],[-86.4419,39.5566],[-86.4421,39.5561],[-86.4422,39.5557],[-86.4421,39.5549],[-86.4416,39.5546],[-86.4412,39.5542],[-86.4407,39.5538],[-86.4403,39.5535],[-86.4401,39.553],[-86.4399,39.5525],[-86.4396,39.552],[-86.4395,39.5515],[-86.4395,39.5509],[-86.4396,39.5497],[-86.4397,39.5494],[-86.4398,39.549],[-86.4395,39.5487],[-86.4392,39.5484],[-86.439,39.5478],[-86.4386,39.5473],[-86.4382,39.5469],[-86.4379,39.5464],[-86.4377,39.5461],[-86.4372,39.5459],[-86.4373,39.5454],[-86.4378,39.5451],[-86.4377,39.5448],[-86.438,39.5445],[-86.4384,39.5436],[-86.4384,39.5429],[-86.4382,39.5426],[-86.4378,39.5421],[-86.4375,39.5415],[-86.437,39.5411],[-86.4366,39.5406],[-86.4363,39.5402],[-86.4361,39.5399],[-86.4358,39.5394],[-86.4355,39.539],[-86.4353,39.5386],[-86.435,39.5383],[-86.4348,39.5378],[-86.4345,39.5375],[-86.4342,39.537],[-86.434,39.5364],[-86.434,39.5358],[-86.4342,39.5353],[-86.4343,39.5349],[-86.4344,39.5344],[-86.4347,39.5337],[-86.4346,39.5333],[-86.4347,39.5329],[-86.4346,39.5325],[-86.4345,39.5321],[-86.4346,39.5313],[-86.4345,39.5307],[-86.4336,39.5308]]]},"properties":{"FLD_ZONE":"A","flood_risk":"HIGH"}},{"type":"Feature","geometry":{"type":"Polygon","coordinates":[[[-86.2233,38.9743],[-86.2231,38.9755],[-86.2239,38.9765],[-86.2241,38.9776],[-86.2242,38.9783],[-86.2249,38.9793],[-86.2245,38.98],[-86.2259,38.9799],[-86.2269,38.9793],[-86.227,38.9799],[-86.2267,38.9806],[-86.2282,38.9821],[-86.2286,38.9837],[-86.229,38.9847],[-86.2298,38.986],[-86.2299,38.9868],[-86.2308,38.9877],[-86.2313,38.9888],[-86.2319,38.9899],[-86.2319,38.991],[-86.2321,38.9918],[-86.2332,38.9925],[-86.234,38.993],[-86.2346,38.9923],[-86.2357,38.992],[-86.2364,38.9927],[-86.2374,38.9923],[-86.2383,38.9926],[-86.2401,38.9937],[-86.2411,38.9936],[-86.2421,38.9932],[-86.2424,38.9926],[-86.2434,38.9927],[-86.2438,38.9933],[-86.2432,38.9945],[-86.2435,38.9956],[-86.2443,38.997],[-86.2453,38.9974],[-86.2458,38.998],[-86.2461,38.9989],[-86.2462,38.9998],[-86.247,39.0003],[-86.2481,38.9996],[-86.2485,38.9994],[-86.249,38.9999],[-86.2481,39.0013],[-86.2477,39.0028],[-86.2486,39.0046],[-86.2493,39.0057],[-86.2498,39.0065],[-86.2498,39.0078],[-86.2507,39.0081],[-86.251,39.0092],[-86.2514,39.0104],[-86.2519,39.0114],[-86.2534,39.0133],[-86.2547,39.0144],[-86.2555,39.0136],[-86.2562,39.0126],[-86.2569,39.0119],[-86.2574,39.0109],[-86.2578,39.0109],[-86.2584,39.0109],[-86.259,39.0108],[-86.2594,39.0113],[-86.2594,39.0125],[-86.2587,39.0138],[-86.2582,39.0145],[-86.2577,39.0156],[-86.2572,39.0166],[-86.2558,39.0162],[-86.2559,39.0169],[-86.2577,39.0171],[-86.2572,39.0189],[-86.2578,39.02],[-86.2591,39.0204],[-86.2602,39.0207],[-86.2609,39.0213],[-86.262,39.0218],[-86.2626,39.0231],[-86.2645,39.0243],[-86.2667,39.0247],[-86.2686,39.0242],[-86.2703,39.0239],[-86.2705,39.0234],[-86.2703,39.0225],[-86.2709,39.0217],[-86.2711,39.0209],[-86.272,39.0211],[-86.2726,39.0218],[-86.2735,39.0232],[-86.2751,39.0235],[-86.278,39.0232],[-86.2795,39.0232],[-86.2791,39.0238],[-86.2767,39.025],[-86.2755,39.0269],[-86.2753,39.0283],[-86.2745,39.0304],[-86.2742,39.0324],[-86.2756,39.0329],[-86.274,39.0333],[-86.2735,39.035],[-86.2741,39.0364],[-86.2747,39.0374],[-86.2751,39.04],[-86.2761,39.0399],[-86.277,39.0388],[-86.2781,39.0382],[-86.2783,39.037],[-86.2791,39.037],[-86.2794,39.0378],[-86.2793,39.0388],[-86.2789,39.04],[-86.2794,39.0407],[-86.281,39.0416],[-86.2822,39.0421],[-86.2821,39.0424],[-86.2821,39.0438],[-86.2833,39.0456],[-86.284,39.047],[-86.2839,39.0479],[-86.2836,39.0488],[-86.2766,39.0485],[-86.2767,39.0471],[-86.2774,39.0463],[-86.2784,39.0457],[-86.2771,39.0452],[-86.2765,39.046],[-86.2753,39.0457],[-86.2744,39.0451],[-86.2728,39.0449],[-86.2712,39.045],[-86.2723,39.0442],[-86.2732,39.0436],[-86.2732,39.0424],[-86.2712,39.0408],[-86.2699,39.0388],[-86.2697,39.0363],[-86.2692,39.0343],[-86.2679,39.0345],[-86.2676,39.0336],[-86.2664,39.032],[-86.2636,39.0332],[-86.2625,39.0335],[-86.2625,39.033],[-86.2639,39.0307],[-86.268,39.0309],[-86.2694,39.0315],[-86.2706,39.0298],[-86.2711,39.0285],[-86.2677,39.0284],[-86.264,39.0284],[-86.2628,39.0281],[-86.2621,39.0273],[-86.2608,39.0266],[-86.2585,39.0262],[-86.2581,39.0248],[-86.2567,39.0233],[-86.2556,39.0221],[-86.2547,39.0217],[-86.2532,39.0213],[-86.2512,39.021],[-86.2499,39.0204],[-86.2488,39.02],[-86.2478,39.0204],[-86.2474,39.0198],[-86.2478,39.0183],[-86.245,39.0172],[-86.2427,39.0179],[-86.2419,39.0182],[-86.2408,39.0187],[-86.2398,39.0185],[-86.2386,39.0186],[-86.2364,39.0186],[-86.2354,39.0179],[-86.2339,39.0174],[-86.2317,39.0171],[-86.2304,39.0174],[-86.2303,39.0171],[-86.2299,39.0162],[-86.2305,39.0159],[-86.231,39.0155],[-86.2293,39.015],[-86.2281,39.0163],[-86.2271,39.017],[-86.2266,39.0179],[-86.2258,39.0186],[-86.2257,39.0175],[-86.2265,39.0166],[-86.2267,39.0157],[-86.2253,39.0152],[-86.224,39.0162],[-86.2238,39.016],[-86.2252,39.015],[-86.2267,39.0151],[-86.228,39.015],[-86.2287,39.0139],[-86.2292,39.0131],[-86.2306,39.0137],[-86.2335,39.014],[-86.2364,39.0144],[-86.2381,39.0146],[-86.2387,39.0141],[-86.2397,39.0144],[-86.2414,39.0143],[-86.2423,39.0129],[-86.243,39.0128],[-86.2452,39.0108],[-86.2442,39.0088],[-86.2437,39.0074],[-86.2423,39.0071],[-86.2428,39.006],[-86.2428,39.0049],[-86.2424,39.0038],[-86.2418,39.0027],[-86.2418,39.0015],[-86.2406,39.0004],[-86.2393,38.9999],[-86.2384,38.9996],[-86.2362,38.9995],[-86.2339,38.9994],[-86.233,38.9989],[-86.2319,38.9992],[-86.2307,38.9993],[-86.2311,38.9983],[-86.2306,38.9972],[-86.2298,38.9967],[-86.2285,38.9965],[-86.2275,38.9968],[-86.2262,38.9964],[-86.2262,38.9953],[-86.2268,38.9947],[-86.2278,38.9944],[-86.2258,38.9927],[-86.2255,38.9914],[-86.2249,38.9907],[-86.2237,38.9903],[-86.223,38.9901],[-86.2223,38.9892],[-86.2214,38.9885],[-86.2208,38.9878],[-86.2204,38.9868],[-86.22,38.9861],[-86.2204,38.9852],[-86.22,38.9847],[-86.2189,38.9845],[-86.2177,38.9842],[-86.2185,38.9836],[-86.2173,38.9824],[-86.217,38.9809],[-86.2167,38.9804],[-86.2168,38.9796],[-86.2159,38.9792],[-86.2154,38.9785],[-86.2145,38.9778],[-86.2135,38.9765],[-86.2127,38.9759],[-86.2115,38.9752],[-86.2108,38.974],[-86.2109,38.973],[-86.2103,38.9721],[-86.209,38.9711],[-86.2078,38.9711],[-86.2069,38.9708],[-86.2064,38.9702],[-86.2056,38.9695],[-86.206,38.968],[-86.205,38.9675],[-86.2037,38.9666],[-86.2032,38.9653],[-86.2029,38.965],[-86.2018,38.9647],[-86.2006,38.9645],[-86.1981,38.9645],[-86.1949,38.9624],[-86.1935,38.9621],[-86.1925,38.9617],[-86.1927,38.9613],[-86.1936,38.9607],[-86.1924,38.9604],[-86.1897,38.9602],[-86.1883,38.96],[-86.1874,38.9597],[-86.1855,38.9594],[-86.1849,38.9588],[-86.1838,38.9591],[-86.1824,38.9592],[-86.1809,38.9594],[-86.1798,38.9598],[-86.1787,38.9599],[-86.1778,38.9595],[-86.1768,38.9593],[-86.1762,38.9589],[-86.1752,38.9588],[-86.1741,38.9588],[-86.1729,38.9589],[-86.1709,38.9593],[-86.1687,38.9601],[-86.168,38.9606],[-86.1674,38.9612],[-86.1668,38.9619],[-86.1662,38.9616],[-86.1658,38.9623],[-86.1641,38.9624],[-86.1628,38.962],[-86.1624,38.9614],[-86.1615,38.9609],[-86.1601,38.9605],[-86.159,38.9602],[-86.157,38.9598],[-86.1558,38.9591],[-86.1546,38.9587],[-86.154,38.958],[-86.1521,38.9575],[-86.1509,38.9573],[-86.1499,38.9562],[-86.1485,38.9558],[-86.1471,38.9559],[-86.146,38.9562],[-86.145,38.9563],[-86.1452,38.956],[-86.1456,38.9556],[-86.1451,38.9548],[-86.1433,38.9546],[-86.1421,38.9544],[-86.1412,38.954],[-86.1401,38.9544],[-86.1389,38.9546],[-86.1381,38.9536],[-86.137,38.9535],[-86.1362,38.9541],[-86.1353,38.9545],[-86.1365,38.9552],[-86.1356,38.9551],[-86.1348,38.9556],[-86.1345,38.9567],[-86.1339,38.9572],[-86.1334,38.9567],[-86.1323,38.957],[-86.1303,38.954],[-86.1297,38.9528],[-86.1299,38.9522],[-86.13,38.9515],[-86.1292,38.951],[-86.1278,38.9511],[-86.1285,38.9506],[-86.1282,38.9495],[-86.1274,38.9494],[-86.1264,38.9488],[-86.1255,38.9483],[-86.124,38.9477],[-86.1226,38.9472],[-86.1241,38.9472],[-86.1255,38.9474],[-86.1263,38.947],[-86.1266,38.9468],[-86.1271,38.9482],[-86.1283,38.9488],[-86.1293,38.9492],[-86.1301,38.9498],[-86.1314,38.9491],[-86.1323,38.9487],[-86.1324,38.9494],[-86.1319,38.9506],[-86.133,38.9512],[-86.1339,38.9514],[-86.1358,38.9517],[-86.1376,38.951],[-86.1388,38.9508],[-86.1398,38.9504],[-86.1412,38.9504],[-86.1426,38.9504],[-86.1437,38.9505],[-86.145,38.9511],[-86.1462,38.9516],[-86.1467,38.9521],[-86.1478,38.952],[-86.1487,38.9526],[-86.1514,38.9527],[-86.1525,38.9528],[-86.1532,38.9527],[-86.1542,38.9528],[-86.1548,38.9529],[-86.1556,38.9525],[-86.1555,38.9538],[-86.1561,38.9544],[-86.1568,38.9553],[-86.1574,38.9564],[-86.1574,38.9572],[-86.1585,38.9574],[-86.1592,38.9581],[-86.1582,38.9584],[-86.1572,38.9591],[-86.1588,38.959],[-86.1605,38.9594],[-86.1617,38.96],[-86.164,38.9604],[-86.1653,38.9593],[-86.1664,38.959],[-86.1671,38.9582],[-86.1684,38.9573],[-86.1693,38.957],[-86.17,38.9573],[-86.1711,38.9577],[-86.1716,38.9574],[-86.1731,38.9572],[-86.1739,38.9568],[-86.1751,38.9567],[-86.1756,38.9573],[-86.1763,38.9577],[-86.1775,38.9578],[-86.1801,38.9556],[-86.1818,38.956],[-86.1823,38.9569],[-86.1832,38.9567],[-86.1843,38.9562],[-86.1858,38.9564],[-86.1868,38.9569],[-86.1878,38.9569],[-86.1882,38.9569],[-86.1893,38.9571],[-86.1899,38.9573],[-86.1909,38.9568],[-86.1916,38.957],[-86.1923,38.9574],[-86.1932,38.9574],[-86.1943,38.9583],[-86.195,38.9588],[-86.196,38.9601],[-86.1967,38.9598],[-86.1972,38.9603],[-86.1982,38.9607],[-86.2001,38.961],[-86.2008,38.961],[-86.2009,38.9616],[-86.2019,38.9618],[-86.2028,38.9621],[-86.2034,38.9626],[-86.2044,38.9628],[-86.2054,38.9629],[-86.2067,38.9632],[-86.2081,38.9632],[-86.2088,38.9639],[-86.2092,38.9646],[-86.2106,38.9651],[-86.2116,38.9658],[-86.2126,38.9655],[-86.2131,38.9662],[-86.2144,38.9667],[-86.2162,38.9673],[-86.2172,38.9682],[-86.2185,38.969],[-86.2185,38.9708],[-86.218,38.9719],[-86.2191,38.9717],[-86.22,38.9718],[-86.2203,38.9724],[-86.2211,38.9728],[-86.2218,38.973],[-86.2221,38.9726],[-86.2228,38.9729],[-86.2227,38.9734],[-86.2227,38.9738],[-86.2233,38.9743]]]},"properties":{"FLD_ZONE":"A","flood_risk":"HIGH"}},{"type":"Feature","geometry":{"type":"Polygon","coordinates":[[[-86.906,39.4935],[-86.906,39.493],[-86.9063,39.4924],[-86.9062,39.4916],[-86.9055,39.4914],[-86.9053,39.4909],[-86.906,39.4907],[-86.9062,39.4903],[-86.9055,39.4901],[-86.905,39.4897],[-86.9054,39.4894],[-86.9058,39.4887],[-86.9054,39.4884],[-86.9047,39.4883],[-86.9052,39.488],[-86.9055,39.4875],[-86.905,39.4869],[-86.9044,39.487],[-86.9036,39.487],[-86.9042,39.4863],[-86.904,39.4857],[-86.9035,39.4852],[-86.9027,39.4855],[-86.9022,39.486],[-86.9021,39.4866],[-86.9016,39.4862],[-86.9016,39.4856],[-86.9016,39.485],[-86.9021,39.4848],[-86.9027,39.484],[-86.9027,39.4837],[-86.9019,39.4836],[-86.9022,39.4829],[-86.9015,39.4826],[-86.901,39.483],[-86.9007,39.4825],[-86.8999,39.4825],[-86.9,39.483],[-86.8997,39.4833],[-86.8999,39.4839],[-86.8996,39.4844],[-86.8992,39.4839],[-86.8988,39.4838],[-86.8985,39.4835],[-86.8979,39.4835],[-86.8978,39.4841],[-86.8975,39.4845],[-86.8979,39.4847],[-86.8986,39.485],[-86.8989,39.4854],[-86.8984,39.4855],[-86.8977,39.4855],[-86.8979,39.486],[-86.8981,39.4865],[-86.8989,39.4866],[-86.8984,39.487],[-86.8986,39.4877],[-86.8992,39.4877],[-86.8993,39.488],[-86.8989,39.4883],[-86.8993,39.4886],[-86.899,39.489],[-86.8995,39.4891],[-86.8992,39.4894],[-86.899,39.4898],[-86.8996,39.4899],[-86.8997,39.4903],[-86.9004,39.4906],[-86.8996,39.4908],[-86.8995,39.4913],[-86.8996,39.4923],[-86.8997,39.493],[-86.9001,39.4934],[-86.9008,39.493],[-86.9007,39.4938],[-86.9006,39.4942],[-86.9004,39.4948],[-86.9002,39.4952],[-86.9002,39.4956],[-86.8999,39.4962],[-86.8999,39.4969],[-86.8994,39.4972],[-86.8991,39.4967],[-86.8985,39.4972],[-86.8979,39.4978],[-86.8971,39.4982],[-86.8973,39.4974],[-86.8977,39.497],[-86.8982,39.4964],[-86.8988,39.496],[-86.8991,39.4955],[-86.8993,39.495],[-86.8995,39.4947],[-86.8993,39.4941],[-86.8987,39.4936],[-86.8981,39.4933],[-86.8973,39.4935],[-86.8976,39.4929],[-86.8977,39.4924],[-86.897,39.492],[-86.8964,39.4921],[-86.8966,39.4917],[-86.8968,39.4912],[-86.8965,39.4908],[-86.8963,39.4901],[-86.8957,39.4898],[-86.8953,39.4904],[-86.895,39.4905],[-86.8949,39.4898],[-86.895,39.489],[-86.8949,39.4882],[-86.8946,39.4874],[-86.8942,39.4869],[-86.8938,39.4871],[-86.8935,39.4874],[-86.8931,39.4873],[-86.8934,39.4878],[-86.8939,39.4883],[-86.894,39.4889],[-86.8935,39.4888],[-86.893,39.4886],[-86.8929,39.4892],[-86.8928,39.4902],[-86.8926,39.4903],[-86.892,39.4903],[-86.8921,39.4897],[-86.8918,39.4891],[-86.8914,39.4889],[-86.8912,39.4894],[-86.8908,39.4897],[-86.8905,39.4899],[-86.8901,39.4902],[-86.8896,39.4906],[-86.8895,39.4911],[-86.8892,39.4913],[-86.8894,39.4918],[-86.8899,39.4922],[-86.8906,39.4925],[-86.8912,39.4929],[-86.8904,39.4929],[-86.8899,39.4926],[-86.889,39.4923],[-86.8883,39.492],[-86.8878,39.4919],[-86.8875,39.4925],[-86.8881,39.4927],[-86.8882,39.493],[-86.8879,39.4933],[-86.8874,39.4933],[-86.8878,39.4937],[-86.8882,39.4944],[-86.8874,39.4942],[-86.887,39.4945],[-86.8867,39.4949],[-86.8863,39.4942],[-86.8859,39.4939],[-86.8856,39.4942],[-86.885,39.4942],[-86.8853,39.4949],[-86.8858,39.4952],[-86.8866,39.4957],[-86.8871,39.4963],[-86.8874,39.4967],[-86.8878,39.4973],[-86.8875,39.4975],[-86.8872,39.497],[-86.8866,39.4966],[-86.8861,39.4964],[-86.8856,39.496],[-86.8848,39.4957],[-86.8839,39.4957],[-86.8836,39.4964],[-86.8831,39.4972],[-86.8831,39.4982],[-86.8836,39.499],[-86.8836,39.4995],[-86.8839,39.5002],[-86.8844,39.5008],[-86.8848,39.5014],[-86.8851,39.5018],[-86.8851,39.5023],[-86.8845,39.5017],[-86.884,39.501],[-86.8833,39.5008],[-86.8831,39.5003],[-86.8827,39.5],[-86.8819,39.5001],[-86.8814,39.5002],[-86.8809,39.5004],[-86.8802,39.5009],[-86.8797,39.5018],[-86.8793,39.5023],[-86.8794,39.5018],[-86.8797,39.5009],[-86.8801,39.5003],[-86.8807,39.4998],[-86.8814,39.4994],[-86.8809,39.4988],[-86.8804,39.4981],[-86.8805,39.4977],[-86.8805,39.497],[-86.8801,39.4964],[-86.8796,39.4961],[-86.8801,39.4955],[-86.8806,39.4952],[-86.8797,39.4951],[-86.8784,39.4951],[-86.8774,39.4951],[-86.8779,39.4948],[-86.8789,39.4947],[-86.8794,39.4943],[-86.8799,39.4942],[-86.8806,39.4941],[-86.8806,39.4935],[-86.8811,39.4939],[-86.8819,39.494],[-86.8815,39.4935],[-86.8812,39.493],[-86.8814,39.4929],[-86.882,39.4933],[-86.8827,39.4935],[-86.8828,39.493],[-86.8834,39.4928],[-86.8841,39.4926],[-86.8844,39.492],[-86.8843,39.4916],[-86.8843,39.4912],[-86.8848,39.4907],[-86.8852,39.4902],[-86.885,39.4899],[-86.8846,39.4897],[-86.8842,39.4894],[-86.8843,39.4891],[-86.8844,39.4886],[-86.8849,39.4891],[-86.886,39.4894],[-86.8865,39.489],[-86.8861,39.4886],[-86.8854,39.4882],[-86.8846,39.4877],[-86.8839,39.4872],[-86.8831,39.487],[-86.8832,39.4867],[-86.884,39.4864],[-86.8845,39.4868],[-86.8852,39.4871],[-86.8859,39.4873],[-86.8863,39.4872],[-86.8868,39.4872],[-86.8874,39.487],[-86.888,39.4865],[-86.8878,39.4859],[-86.8885,39.486],[-86.8893,39.4858],[-86.8891,39.4854],[-86.8887,39.485],[-86.8882,39.4847],[-86.8887,39.4844],[-86.8897,39.4845],[-86.8902,39.4841],[-86.8907,39.4836],[-86.8908,39.4831],[-86.8907,39.4827],[-86.8916,39.4828],[-86.8919,39.4827],[-86.8915,39.4822],[-86.8913,39.4817],[-86.8921,39.4819],[-86.8928,39.4821],[-86.8936,39.4822],[-86.8942,39.4819],[-86.8938,39.4815],[-86.8934,39.4809],[-86.8928,39.4809],[-86.892,39.4808],[-86.8912,39.4805],[-86.8918,39.4802],[-86.8927,39.48],[-86.8921,39.4797],[-86.8913,39.4798],[-86.8915,39.4794],[-86.8924,39.4792],[-86.8935,39.4793],[-86.8944,39.4795],[-86.8944,39.4792],[-86.8936,39.4789],[-86.8934,39.4785],[-86.8928,39.478],[-86.8923,39.4784],[-86.8919,39.4782],[-86.8912,39.4783],[-86.8918,39.4779],[-86.8919,39.4775],[-86.8918,39.4772],[-86.8918,39.4768],[-86.8921,39.4763],[-86.8926,39.4763],[-86.8929,39.4767],[-86.8933,39.4769],[-86.8941,39.477],[-86.8943,39.4767],[-86.8953,39.4768],[-86.8952,39.4763],[-86.8944,39.476],[-86.8943,39.4757],[-86.8951,39.4757],[-86.8959,39.4756],[-86.8962,39.4752],[-86.8957,39.475],[-86.896,39.4747],[-86.8965,39.4743],[-86.896,39.4741],[-86.8964,39.4738],[-86.8969,39.4736],[-86.8964,39.4732],[-86.8961,39.473],[-86.8955,39.4728],[-86.8952,39.4731],[-86.8948,39.4733],[-86.8948,39.4737],[-86.8948,39.4743],[-86.8943,39.4746],[-86.8942,39.4742],[-86.8941,39.4738],[-86.8937,39.4739],[-86.8935,39.4745],[-86.8932,39.4748],[-86.8926,39.4749],[-86.892,39.475],[-86.8921,39.4744],[-86.8923,39.4738],[-86.892,39.4733],[-86.8919,39.473],[-86.8944,39.4725],[-86.9107,39.4728],[-86.9102,39.473],[-86.9091,39.473],[-86.9087,39.4733],[-86.9093,39.474],[-86.9094,39.4745],[-86.9092,39.4749],[-86.9095,39.4755],[-86.9095,39.4759],[-86.9096,39.4763],[-86.91,39.4771],[-86.9108,39.4768],[-86.9111,39.476],[-86.9116,39.4765],[-86.9123,39.4769],[-86.9122,39.4774],[-86.9121,39.4779],[-86.9123,39.4782],[-86.9128,39.4785],[-86.9131,39.4787],[-86.9136,39.479],[-86.9137,39.4794],[-86.9132,39.4793],[-86.9128,39.4795],[-86.9123,39.4792],[-86.9115,39.4799],[-86.9104,39.4793],[-86.9099,39.4797],[-86.9094,39.4797],[-86.909,39.4801],[-86.9084,39.48],[-86.908,39.4795],[-86.9078,39.4798],[-86.9084,39.4805],[-86.909,39.481],[-86.9095,39.4812],[-86.9096,39.4816],[-86.9095,39.4821],[-86.9089,39.4825],[-86.9084,39.4832],[-86.9086,39.4836],[-86.9082,39.4843],[-86.9087,39.4844],[-86.9095,39.4838],[-86.9104,39.4838],[-86.9111,39.484],[-86.91,39.4844],[-86.9097,39.4847],[-86.9103,39.4846],[-86.9111,39.4844],[-86.9118,39.4842],[-86.9117,39.4849],[-86.912,39.4854],[-86.9127,39.4855],[-86.9128,39.4852],[-86.9128,39.4846],[-86.9127,39.4842],[-86.9131,39.4841],[-86.9135,39.4848],[-86.9138,39.4845],[-86.9143,39.4843],[-86.9149,39.4839],[-86.9145,39.4845],[-86.9142,39.4851],[-86.9148,39.4854],[-86.9156,39.4852],[-86.9161,39.4856],[-86.9167,39.4858],[-86.9171,39.4865],[-86.9175,39.4871],[-86.9177,39.4875],[-86.9176,39.4878],[-86.917,39.4885],[-86.9161,39.4885],[-86.9157,39.4887],[-86.9156,39.4891],[-86.9152,39.4892],[-86.9146,39.489],[-86.9148,39.4896],[-86.9146,39.49],[-86.9151,39.4904],[-86.9149,39.4908],[-86.9144,39.4909],[-86.9139,39.4905],[-86.9131,39.4901],[-86.9124,39.49],[-86.9117,39.4901],[-86.9114,39.4906],[-86.9112,39.4912],[-86.9113,39.4916],[-86.9108,39.4917],[-86.9101,39.4922],[-86.9104,39.4914],[-86.9106,39.4908],[-86.9106,39.49],[-86.9109,39.4893],[-86.9101,39.4897],[-86.9094,39.49],[-86.9093,39.4907],[-86.9094,39.4915],[-86.909,39.492],[-86.9082,39.4928],[-86.9082,39.4938],[-86.9074,39.4938],[-86.9067,39.4946],[-86.9065,39.4954],[-86.9062,39.4949],[-86.906,39.4942],[-86.9061,39.4936],[-86.906,39.4935]]]},"properties":{"FLD_ZONE":"A","flood_risk":"HIGH"}},{"type":"Feature","geometry":{"type":"Polygon","coordinates":[[[-86.6863,39.3319],[-86.6876,39.3329],[-86.6897,39.3337],[-86.6911,39.334],[-86.6941,39.3338],[-86.6952,39.3337],[-86.6977,39.3338],[-86.7,39.3344],[-86.7019,39.3349],[-86.7034,39.3357],[-86.705,39.336],[-86.7058,39.3348],[-86.7068,39.3357],[-86.7076,39.335],[-86.7087,39.3354],[-86.7101,39.3352],[-86.7108,39.3346],[-86.7117,39.3351],[-86.7131,39.3348],[-86.7136,39.3343],[-86.7144,39.3337],[-86.7151,39.3327],[-86.7163,39.3323],[-86.7169,39.3316],[-86.7166,39.3307],[-86.7175,39.3297],[-86.7177,39.3286],[-86.7187,39.3278],[-86.72,39.326],[-86.7202,39.3245],[-86.72,39.3224],[-86.7201,39.3221],[-86.721,39.32],[-86.7218,39.3185],[-86.723,39.3182],[-86.724,39.3172],[-86.7252,39.3158],[-86.7237,39.3152],[-86.7227,39.3138],[-86.7221,39.312],[-86.7214,39.3107],[-86.7221,39.3107],[-86.7228,39.3116],[-86.7236,39.3129],[-86.7244,39.3143],[-86.7264,39.3142],[-86.7281,39.3138],[-86.7291,39.3135],[-86.7302,39.313],[-86.7301,39.3115],[-86.7314,39.3114],[-86.7326,39.3112],[-86.7338,39.3107],[-86.735,39.3097],[-86.7353,39.3081],[-86.7352,39.307],[-86.7346,39.3061],[-86.7347,39.3037],[-86.7348,39.3022],[-86.7352,39.3012],[-86.7354,39.2999],[-86.7353,39.299],[-86.735,39.2984],[-86.7347,39.2969],[-86.7338,39.2959],[-86.7317,39.2953],[-86.7311,39.295],[-86.7327,39.2949],[-86.7343,39.2948],[-86.7357,39.2948],[-86.7361,39.2959],[-86.7373,39.2961],[-86.7384,39.2953],[-86.7394,39.2948],[-86.7408,39.2941],[-86.7416,39.293],[-86.7421,39.292],[-86.7426,39.2898],[-86.7468,39.2908],[-86.7467,39.2918],[-86.7465,39.293],[-86.7464,39.2945],[-86.7459,39.2954],[-86.7454,39.2957],[-86.7459,39.2967],[-86.7445,39.2978],[-86.7444,39.2988],[-86.744,39.2984],[-86.7432,39.2969],[-86.7423,39.2975],[-86.7411,39.2982],[-86.7401,39.2989],[-86.7393,39.3],[-86.7388,39.3021],[-86.7389,39.304],[-86.7393,39.3046],[-86.7393,39.3061],[-86.7396,39.3074],[-86.7399,39.3083],[-86.7411,39.3092],[-86.7419,39.3102],[-86.743,39.3112],[-86.7437,39.3119],[-86.7453,39.3118],[-86.748,39.3102],[-86.7473,39.3115],[-86.7447,39.3129],[-86.7435,39.3128],[-86.7438,39.3139],[-86.7429,39.3139],[-86.7414,39.3146],[-86.7409,39.3158],[-86.74,39.3178],[-86.7394,39.317],[-86.7399,39.3157],[-86.7405,39.3145],[-86.7409,39.3133],[-86.7392,39.3134],[-86.738,39.3125],[-86.7363,39.3127],[-86.7342,39.3141],[-86.7331,39.3149],[-86.7322,39.3155],[-86.7315,39.316],[-86.7307,39.3173],[-86.7304,39.3186],[-86.73,39.3189],[-86.7295,39.3197],[-86.7298,39.3211],[-86.7281,39.3208],[-86.7267,39.3219],[-86.7269,39.3235],[-86.7273,39.3245],[-86.7279,39.3254],[-86.7283,39.3261],[-86.7291,39.3275],[-86.7293,39.3288],[-86.7307,39.3288],[-86.7325,39.3292],[-86.7343,39.3292],[-86.7356,39.3285],[-86.7368,39.3293],[-86.74,39.3279],[-86.7409,39.3266],[-86.7419,39.3275],[-86.7439,39.3285],[-86.7451,39.3293],[-86.7458,39.3312],[-86.748,39.3318],[-86.7486,39.3326],[-86.747,39.333],[-86.7449,39.3343],[-86.7453,39.3361],[-86.7445,39.338],[-86.743,39.3377],[-86.7435,39.3385],[-86.7432,39.3401],[-86.7431,39.3407],[-86.7435,39.3392],[-86.7429,39.3385],[-86.7435,39.3374],[-86.7432,39.3364],[-86.7429,39.3352],[-86.7439,39.3337],[-86.7417,39.3299],[-86.738,39.3302],[-86.736,39.3309],[-86.7349,39.3297],[-86.7328,39.3304],[-86.7321,39.3295],[-86.7297,39.3298],[-86.7293,39.3307],[-86.7297,39.3321],[-86.73,39.3334],[-86.7289,39.334],[-86.7275,39.3355],[-86.727,39.3364],[-86.7261,39.3368],[-86.7241,39.3375],[-86.7234,39.3379],[-86.722,39.3386],[-86.7199,39.3396],[-86.7184,39.341],[-86.7168,39.3406],[-86.7162,39.3422],[-86.7164,39.3432],[-86.7155,39.3424],[-86.7157,39.3412],[-86.7141,39.3412],[-86.713,39.3415],[-86.711,39.3419],[-86.7095,39.3421],[-86.7072,39.3425],[-86.7058,39.343],[-86.7047,39.3445],[-86.7046,39.3461],[-86.7049,39.3476],[-86.7043,39.3479],[-86.7034,39.3467],[-86.7025,39.3452],[-86.699,39.345],[-86.6967,39.3452],[-86.6945,39.3452],[-86.6913,39.3454],[-86.6892,39.3455],[-86.6873,39.3459],[-86.686,39.3473],[-86.6867,39.3483],[-86.6877,39.3494],[-86.6883,39.3507],[-86.6891,39.3521],[-86.6897,39.3528],[-86.6913,39.3537],[-86.6927,39.3542],[-86.693,39.3556],[-86.6951,39.3578],[-86.6916,39.3575],[-86.6891,39.3555],[-86.6874,39.354],[-86.6864,39.3534],[-86.6849,39.3527],[-86.6842,39.352],[-86.6836,39.3538],[-86.6829,39.3539],[-86.6828,39.3523],[-86.6825,39.351],[-86.6827,39.3503],[-86.6836,39.3498],[-86.6819,39.3493],[-86.681,39.349],[-86.6803,39.3484],[-86.6788,39.3493],[-86.6784,39.3484],[-86.678,39.3478],[-86.6791,39.3473],[-86.68,39.3466],[-86.6807,39.3459],[-86.6791,39.3451],[-86.6773,39.3436],[-86.6762,39.3425],[-86.6751,39.3413],[-86.6749,39.3407],[-86.6744,39.3391],[-86.6735,39.3384],[-86.6726,39.3377],[-86.6711,39.3374],[-86.6696,39.3376],[-86.6679,39.3382],[-86.6684,39.3374],[-86.6672,39.3374],[-86.6657,39.3385],[-86.6651,39.3398],[-86.6647,39.3406],[-86.6639,39.3418],[-86.6625,39.344],[-86.6614,39.3453],[-86.6603,39.3466],[-86.6596,39.3474],[-86.6592,39.3494],[-86.6589,39.3504],[-86.6586,39.3513],[-86.6582,39.3523],[-86.658,39.3539],[-86.6582,39.3562],[-86.6587,39.3584],[-86.6571,39.3602],[-86.6554,39.361],[-86.6559,39.362],[-86.6575,39.3621],[-86.6587,39.3622],[-86.6597,39.363],[-86.6628,39.3643],[-86.6634,39.3655],[-86.6658,39.3668],[-86.6654,39.3672],[-86.6642,39.3667],[-86.6631,39.367],[-86.6616,39.3667],[-86.6605,39.3669],[-86.6592,39.3664],[-86.6576,39.3672],[-86.6562,39.368],[-86.6548,39.3683],[-86.6534,39.3684],[-86.6523,39.3681],[-86.6505,39.3687],[-86.6486,39.3688],[-86.6471,39.3703],[-86.6468,39.3712],[-86.6464,39.3723],[-86.6455,39.3729],[-86.6454,39.3722],[-86.6458,39.3707],[-86.6453,39.3698],[-86.6464,39.3685],[-86.646,39.3677],[-86.6474,39.3671],[-86.6469,39.3663],[-86.6466,39.3651],[-86.6477,39.3648],[-86.6485,39.366],[-86.6485,39.3665],[-86.6491,39.3669],[-86.6511,39.3671],[-86.6515,39.3661],[-86.6513,39.3649],[-86.6528,39.3652],[-86.6541,39.3656],[-86.6541,39.3657],[-86.6553,39.3658],[-86.6548,39.3651],[-86.6543,39.3642],[-86.6531,39.3637],[-86.6525,39.362],[-86.6508,39.3619],[-86.6502,39.3617],[-86.6509,39.3606],[-86.6497,39.3596],[-86.6481,39.3587],[-86.6458,39.3591],[-86.6434,39.3598],[-86.6416,39.3603],[-86.6404,39.3606],[-86.6396,39.3609],[-86.638,39.3612],[-86.6371,39.3619],[-86.6368,39.3632],[-86.6364,39.3656],[-86.6361,39.3683],[-86.6353,39.3691],[-86.6339,39.3696],[-86.6332,39.37],[-86.6338,39.3698],[-86.6349,39.3695],[-86.6362,39.3698],[-86.635,39.3712],[-86.634,39.3718],[-86.6331,39.3724],[-86.6324,39.373],[-86.6308,39.3698],[-86.6359,39.3483],[-86.6387,39.3484],[-86.6459,39.3533],[-86.6525,39.3549],[-86.6568,39.3512],[-86.6591,39.344],[-86.6561,39.3407],[-86.6554,39.3367],[-86.6576,39.3306],[-86.6629,39.3342],[-86.6649,39.3295],[-86.6689,39.3304],[-86.6764,39.3325],[-86.6856,39.3359],[-86.686,39.3276],[-86.6863,39.3264],[-86.6863,39.3252],[-86.686,39.3229],[-86.6876,39.3218],[-86.6895,39.322],[-86.689,39.3245],[-86.689,39.3262],[-86.6887,39.3274],[-86.6882,39.3291],[-86.6873,39.3298],[-86.6875,39.3304],[-86.6863,39.3319]],[[-86.7295,39.3181],[-86.7303,39.317],[-86.7297,39.3164],[-86.7287,39.3177],[-86.7295,39.3181]],[[-86.6605,39.3642],[-86.6583,39.3652],[-86.6596,39.3651],[-86.6605,39.3642]]]},"properties":{"FLD_ZONE":"A","flood_risk":"HIGH"}},{"type":"Feature","geometry":{"type":"Polygon","coordinates":[[[-86.2707,39.3604],[-86.2707,39.36],[-86.2706,39.3601],[-86.2705,39.3604],[-86.2705,39.3601],[-86.2704,39.36],[-86.2706,39.36],[-86.2705,39.3599],[-86.2705,39.3596],[-86.2704,39.3594],[-86.2708,39.3592],[-86.2708,39.3594],[-86.2708,39.3595],[-86.2709,39.3595],[-86.2715,39.3596],[-86.272,39.3599],[-86.2722,39.3599],[-86.2729,39.3599],[-86.2733,39.36],[-86.2739,39.3599],[-86.2744,39.3599],[-86.2748,39.3598],[-86.2753,39.3596],[-86.2759,39.3595],[-86.2762,39.3593],[-86.2762,39.3591],[-86.2765,39.3592],[-86.2765,39.3593],[-86.2767,39.3593],[-86.277,39.3594],[-86.2774,39.3594],[-86.2777,39.3595],[-86.2781,39.3594],[-86.2787,39.3594],[-86.2789,39.3594],[-86.2794,39.3593],[-86.2792,39.3593],[-86.279,39.359],[-86.2792,39.3588],[-86.2794,39.3589],[-86.2795,39.359],[-86.2797,39.3594],[-86.2803,39.3595],[-86.2806,39.3595],[-86.2807,39.3595],[-86.281,39.3595],[-86.2809,39.3595],[-86.2812,39.3596],[-86.2813,39.3596],[-86.2819,39.3598],[-86.282,39.36],[-86.282,39.3598],[-86.2821,39.3601],[-86.282,39.36],[-86.2821,39.3603],[-86.2822,39.3602],[-86.2822,39.3603],[-86.2822,39.3601],[-86.2824,39.3604],[-86.2825,39.3608],[-86.2827,39.3608],[-86.283,39.3607],[-86.2838,39.3605],[-86.2838,39.3603],[-86.2845,39.3603],[-86.2847,39.36],[-86.2853,39.3602],[-86.2854,39.3604],[-86.2861,39.3606],[-86.2866,39.3606],[-86.2868,39.3606],[-86.287,39.3601],[-86.2874,39.3598],[-86.2878,39.3596],[-86.2879,39.3593],[-86.2882,39.3593],[-86.2882,39.3594],[-86.2883,39.3595],[-86.2883,39.3595],[-86.2883,39.3595],[-86.2884,39.3595],[-86.2885,39.3593],[-86.2889,39.3595],[-86.289,39.3598],[-86.289,39.3595],[-86.2886,39.3591],[-86.2889,39.3594],[-86.2891,39.3596],[-86.2891,39.3601],[-86.2891,39.3594],[-86.2894,39.3593],[-86.2895,39.3591],[-86.29,39.3592],[-86.2903,39.3592],[-86.2908,39.3593],[-86.2904,39.3595],[-86.2905,39.3598],[-86.2908,39.3599],[-86.2916,39.36],[-86.2924,39.3598],[-86.2928,39.3599],[-86.2934,39.3596],[-86.2939,39.3596],[-86.2952,39.3594],[-86.2955,39.3597],[-86.2958,39.3597],[-86.2961,39.3596],[-86.2963,39.3594],[-86.2965,39.3596],[-86.2968,39.3596],[-86.2969,39.3595],[-86.2973,39.3595],[-86.2976,39.3594],[-86.2981,39.3595],[-86.2982,39.3593],[-86.2982,39.3588],[-86.2983,39.359],[-86.2986,39.3589],[-86.2984,39.3584],[-86.2986,39.3581],[-86.2987,39.3582],[-86.2988,39.3583],[-86.2989,39.3583],[-86.299,39.3582],[-86.2993,39.3585],[-86.2993,39.3585],[-86.2994,39.3584],[-86.2994,39.3585],[-86.2996,39.3583],[-86.2998,39.3592],[-86.2999,39.3591],[-86.2998,39.359],[-86.2999,39.3586],[-86.2998,39.3584],[-86.2998,39.3581],[-86.2997,39.3576],[-86.2997,39.3575],[-86.2997,39.3571],[-86.2998,39.3568],[-86.2998,39.3566],[-86.2996,39.3565],[-86.2994,39.3565],[-86.2994,39.3564],[-86.2991,39.3563],[-86.2987,39.3558],[-86.2987,39.3557],[-86.2985,39.3556],[-86.2984,39.3556],[-86.298,39.3551],[-86.2978,39.355],[-86.2978,39.3549],[-86.298,39.355],[-86.2983,39.3553],[-86.2985,39.3555],[-86.2986,39.3555],[-86.2988,39.3557],[-86.2989,39.356],[-86.2994,39.3563],[-86.2996,39.3564],[-86.2998,39.3564],[-86.3,39.3566],[-86.2999,39.3569],[-86.2999,39.357],[-86.2999,39.3575],[-86.3,39.3584],[-86.3001,39.3585],[-86.3001,39.3581],[-86.3001,39.3577],[-86.3002,39.3578],[-86.3003,39.3577],[-86.3006,39.3578],[-86.3008,39.3576],[-86.3015,39.358],[-86.3019,39.3581],[-86.3021,39.3585],[-86.3023,39.3586],[-86.3025,39.3585],[-86.3023,39.3582],[-86.302,39.3578],[-86.302,39.3574],[-86.3019,39.3572],[-86.3019,39.357],[-86.3024,39.357],[-86.3027,39.3569],[-86.303,39.3569],[-86.3031,39.3568],[-86.3028,39.3566],[-86.3029,39.3566],[-86.3027,39.3565],[-86.3027,39.3566],[-86.3027,39.3562],[-86.3028,39.3562],[-86.3029,39.3561],[-86.3032,39.3561],[-86.3033,39.3562],[-86.3039,39.3563],[-86.3041,39.3561],[-86.3042,39.3562],[-86.3046,39.356],[-86.3047,39.3561],[-86.3048,39.356],[-86.305,39.3561],[-86.305,39.356],[-86.305,39.356],[-86.3052,39.3559],[-86.3055,39.356],[-86.3058,39.3559],[-86.3049,39.3559],[-86.3048,39.3558],[-86.3063,39.3558],[-86.307,39.3557],[-86.307,39.3558],[-86.3073,39.3558],[-86.3075,39.3558],[-86.3075,39.3557],[-86.3076,39.3556],[-86.3076,39.3555],[-86.3076,39.3557],[-86.3077,39.3558],[-86.3072,39.3559],[-86.3077,39.3559],[-86.3078,39.3558],[-86.3077,39.3558],[-86.308,39.3556],[-86.3082,39.3555],[-86.3087,39.3555],[-86.3093,39.3555],[-86.3096,39.3555],[-86.3099,39.3555],[-86.3105,39.3556],[-86.3111,39.3556],[-86.3116,39.3557],[-86.311,39.3557],[-86.3103,39.3557],[-86.3103,39.3558],[-86.3117,39.3557],[-86.3115,39.3558],[-86.3115,39.3559],[-86.3121,39.3559],[-86.3119,39.3558],[-86.3118,39.3557],[-86.3118,39.3551],[-86.312,39.355],[-86.3124,39.355],[-86.3128,39.3549],[-86.3139,39.3547],[-86.3145,39.3545],[-86.3143,39.3543],[-86.3144,39.3541],[-86.3149,39.3539],[-86.3153,39.3539],[-86.315,39.3537],[-86.3147,39.3534],[-86.3149,39.3533],[-86.3149,39.3532],[-86.3148,39.3531],[-86.3145,39.353],[-86.3146,39.353],[-86.3151,39.3529],[-86.3151,39.3528],[-86.315,39.3528],[-86.3149,39.3527],[-86.3149,39.3525],[-86.315,39.3525],[-86.315,39.3522],[-86.315,39.352],[-86.3151,39.3522],[-86.315,39.3525],[-86.315,39.3527],[-86.3152,39.3526],[-86.3153,39.3526],[-86.3155,39.3528],[-86.3155,39.353],[-86.316,39.3532],[-86.3163,39.3532],[-86.3165,39.3533],[-86.3167,39.3533],[-86.3168,39.3533],[-86.3172,39.3528],[-86.3177,39.3527],[-86.3178,39.3526],[-86.3185,39.3532],[-86.3183,39.3534],[-86.3179,39.3535],[-86.3179,39.3536],[-86.318,39.3538],[-86.3179,39.3539],[-86.3178,39.3541],[-86.3181,39.3541],[-86.3181,39.3542],[-86.3181,39.3545],[-86.3184,39.3547],[-86.3182,39.3547],[-86.3182,39.3549],[-86.3182,39.3551],[-86.3182,39.3552],[-86.3185,39.3554],[-86.3187,39.3558],[-86.3142,39.3552],[-86.3096,39.3569],[-86.3096,39.3562],[-86.3096,39.3562],[-86.3095,39.3568],[-86.3086,39.3571],[-86.3063,39.3578],[-86.2936,39.3603],[-86.2848,39.3613],[-86.278,39.3603],[-86.2709,39.3604],[-86.2707,39.3604]],[[-86.2822,39.362],[-86.2822,39.3621]],[[-86.3045,39.3576],[-86.3043,39.3577],[-86.3045,39.3576]],[[-86.2891,39.3603],[-86.2892,39.3605],[-86.2891,39.3603]],[[-86.2997,39.3572],[-86.2998,39.3574],[-86.2998,39.3572],[-86.2997,39.3572]],[[-86.3056,39.3561],[-86.3055,39.3562],[-86.3056,39.3561]],[[-86.282,39.36],[-86.282,39.3601]],[[-86.3098,39.3557],[-86.3102,39.3557],[-86.3098,39.3557]],[[-86.3042,39.3575],[-86.3043,39.3575],[-86.3042,39.3575]],[[-86.3061,39.3559],[-86.3069,39.3559],[-86.3068,39.3559],[-86.3061,39.3559]],[[-86.3035,39.3567],[-86.3037,39.3567],[-86.3039,39.3566],[-86.3038,39.3566],[-86.3037,39.3566],[-86.3034,39.3566],[-86.3033,39.3567],[-86.3035,39.3567]],[[-86.3042,39.3572],[-86.3041,39.3572],[-86.3043,39.3574],[-86.3043,39.3572],[-86.3042,39.3571]],[[-86.3,39.3587],[-86.3,39.3589],[-86.3001,39.3591],[-86.3001,39.3588],[-86.3003,39.3588],[-86.3003,39.3587],[-86.3001,39.3586],[-86.3,39.3587]]]},"properties":{"FLD_ZONE":"AE","flood_risk":"HIGH"}},{"type":"Feature","geometry":{"type":"Polygon","coordinates":[[[-86.464,39.4273],[-86.4645,39.4263],[-86.4653,39.4248],[-86.4667,39.4219],[-86.4675,39.4205],[-86.469,39.4195],[-86.4706,39.4189],[-86.472,39.4179],[-86.4733,39.4165],[-86.4734,39.4165],[-86.4736,39.4166],[-86.4737,39.4167],[-86.4738,39.4167],[-86.474,39.4169],[-86.474,39.4172],[-86.474,39.4174],[-86.4739,39.4175],[-86.4739,39.4176],[-86.4739,39.4177],[-86.4739,39.4178],[-86.4741,39.4179],[-86.4741,39.4178],[-86.4742,39.4177],[-86.4742,39.4178],[-86.4742,39.4178],[-86.4743,39.4177],[-86.4743,39.4176],[-86.4744,39.4175],[-86.4746,39.4174],[-86.4747,39.4174],[-86.4749,39.4173],[-86.475,39.4174],[-86.4752,39.4174],[-86.4754,39.4175],[-86.4755,39.4175],[-86.4756,39.4177],[-86.4757,39.418],[-86.4757,39.4182],[-86.4756,39.4184],[-86.4755,39.4185],[-86.4753,39.4186],[-86.4751,39.4187],[-86.475,39.4187],[-86.4749,39.4187],[-86.4747,39.4186],[-86.4746,39.4186],[-86.4746,39.4187],[-86.4746,39.4187],[-86.4748,39.4191],[-86.4749,39.4192],[-86.4748,39.4194],[-86.4749,39.4196],[-86.475,39.4198],[-86.4751,39.42],[-86.4752,39.4202],[-86.4751,39.4204],[-86.4751,39.4204],[-86.4752,39.4205],[-86.4753,39.4204],[-86.4754,39.4204],[-86.4756,39.4204],[-86.4759,39.4205],[-86.4761,39.4205],[-86.4762,39.4206],[-86.4762,39.4206],[-86.4758,39.4209],[-86.4752,39.4213],[-86.4749,39.4214],[-86.4749,39.4215],[-86.4753,39.4216],[-86.4751,39.4221],[-86.4744,39.4224],[-86.4743,39.4224],[-86.4742,39.4224],[-86.4745,39.4221],[-86.4746,39.4221],[-86.4746,39.422],[-86.4744,39.4218],[-86.4743,39.4218],[-86.4741,39.4219],[-86.474,39.4219],[-86.474,39.4219],[-86.474,39.422],[-86.4738,39.4221],[-86.4736,39.4222],[-86.4735,39.4222],[-86.4734,39.4222],[-86.4732,39.4223],[-86.4729,39.4223],[-86.4728,39.4223],[-86.4725,39.4222],[-86.4723,39.4222],[-86.4721,39.422],[-86.472,39.4219],[-86.4718,39.4217],[-86.4717,39.4216],[-86.4717,39.4214],[-86.4717,39.4212],[-86.4717,39.4211],[-86.4716,39.4209],[-86.4715,39.4208],[-86.4714,39.4207],[-86.4714,39.4208],[-86.4714,39.4208],[-86.4713,39.4207],[-86.4713,39.4206],[-86.4712,39.4206],[-86.4711,39.4205],[-86.471,39.4205],[-86.471,39.4205],[-86.4709,39.4205],[-86.4708,39.4204],[-86.4707,39.4204],[-86.4706,39.4204],[-86.4705,39.4205],[-86.4704,39.4205],[-86.4702,39.4205],[-86.4701,39.4206],[-86.47,39.4206],[-86.47,39.4207],[-86.4699,39.4207],[-86.4697,39.4208],[-86.4696,39.4209],[-86.4694,39.421],[-86.4693,39.421],[-86.4694,39.421],[-86.4694,39.4211],[-86.4694,39.4211],[-86.4694,39.4211],[-86.4694,39.4212],[-86.4693,39.4213],[-86.4692,39.4214],[-86.4692,39.4214],[-86.4691,39.4214],[-86.469,39.4214],[-86.4689,39.4214],[-86.4688,39.4214],[-86.4688,39.4213],[-86.4687,39.4213],[-86.4687,39.4213],[-86.4687,39.4214],[-86.4686,39.4214],[-86.4685,39.4213],[-86.4685,39.4213],[-86.4684,39.4213],[-86.4683,39.4212],[-86.4681,39.4212],[-86.4679,39.4212],[-86.4677,39.4213],[-86.4677,39.4214],[-86.4677,39.4214],[-86.4676,39.4213],[-86.4675,39.4213],[-86.4674,39.4214],[-86.4674,39.4215],[-86.4674,39.4215],[-86.4675,39.4216],[-86.4676,39.4216],[-86.4676,39.4215],[-86.4677,39.4215],[-86.4679,39.4216],[-86.468,39.4216],[-86.468,39.4216],[-86.468,39.4215],[-86.4681,39.4216],[-86.4681,39.4216],[-86.4682,39.4215],[-86.4683,39.4214],[-86.4684,39.4214],[-86.4684,39.4215],[-86.4684,39.4215],[-86.4684,39.4215],[-86.4685,39.4216],[-86.4686,39.4217],[-86.4686,39.4218],[-86.4685,39.4219],[-86.4684,39.4219],[-86.4684,39.4218],[-86.4684,39.4218],[-86.4683,39.4219],[-86.4683,39.4219],[-86.4681,39.4219],[-86.4682,39.422],[-86.4683,39.422],[-86.4684,39.4221],[-86.4684,39.4221],[-86.4684,39.422],[-86.4684,39.422],[-86.4685,39.422],[-86.4686,39.4221],[-86.4686,39.4221],[-86.4686,39.4221],[-86.4686,39.4222],[-86.4686,39.4222],[-86.4687,39.4223],[-86.4687,39.4223],[-86.4687,39.4224],[-86.4687,39.4226],[-86.4687,39.4227],[-86.4687,39.4228],[-86.4687,39.423],[-86.4687,39.423],[-86.4688,39.423],[-86.4688,39.4231],[-86.4689,39.4231],[-86.4689,39.4231],[-86.469,39.423],[-86.4691,39.423],[-86.4691,39.4231],[-86.4691,39.4232],[-86.4691,39.423],[-86.4692,39.423],[-86.4692,39.4232],[-86.4692,39.4235],[-86.4692,39.4237],[-86.4691,39.4236],[-86.4691,39.4234],[-86.469,39.4235],[-86.469,39.4235],[-86.4689,39.4234],[-86.4689,39.4233],[-86.4689,39.4232],[-86.4688,39.4233],[-86.4688,39.4236],[-86.4688,39.4237],[-86.4686,39.4238],[-86.4686,39.4238],[-86.4686,39.4241],[-86.4687,39.4243],[-86.4688,39.4244],[-86.4689,39.4245],[-86.469,39.4244],[-86.4691,39.4244],[-86.4691,39.4243],[-86.4692,39.4242],[-86.4692,39.4242],[-86.4693,39.4243],[-86.4693,39.4245],[-86.4694,39.4245],[-86.4695,39.4244],[-86.4696,39.4244],[-86.4698,39.4244],[-86.47,39.4244],[-86.47,39.4244],[-86.4699,39.4245],[-86.4694,39.4248],[-86.4693,39.4249],[-86.4691,39.4249],[-86.469,39.4249],[-86.4688,39.4251],[-86.4687,39.4252],[-86.4684,39.4253],[-86.4682,39.4253],[-86.4679,39.4254],[-86.4677,39.4254],[-86.4676,39.4255],[-86.4674,39.4255],[-86.4673,39.4255],[-86.4673,39.4256],[-86.4671,39.4256],[-86.4669,39.4257],[-86.4668,39.4257],[-86.4668,39.4256],[-86.4667,39.4257],[-86.4667,39.4257],[-86.4665,39.4257],[-86.4664,39.4258],[-86.4664,39.4258],[-86.4661,39.4259],[-86.4663,39.4259],[-86.4664,39.426],[-86.4664,39.426],[-86.4663,39.4261],[-86.4661,39.4262],[-86.4659,39.4264],[-86.4655,39.4265],[-86.4653,39.4267],[-86.4652,39.4267],[-86.4651,39.4268],[-86.465,39.4268],[-86.4651,39.4269],[-86.465,39.427],[-86.465,39.4271],[-86.4651,39.4271],[-86.4652,39.4271],[-86.4653,39.4271],[-86.4653,39.4271],[-86.4654,39.4271],[-86.4654,39.4271],[-86.4654,39.4272],[-86.4654,39.4272],[-86.4655,39.4272],[-86.4655,39.4272],[-86.464,39.4281],[-86.4614,39.4294],[-86.4607,39.4298],[-86.4606,39.4298],[-86.4605,39.4299],[-86.4593,39.4305],[-86.4577,39.4314],[-86.4567,39.432],[-86.4561,39.4324],[-86.4566,39.4318],[-86.4588,39.4303],[-86.4618,39.429],[-86.4631,39.4282],[-86.4638,39.4275],[-86.464,39.4273]],[[-86.4676,39.4221],[-86.4676,39.4221],[-86.4676,39.422],[-86.4676,39.422],[-86.4676,39.4219],[-86.4676,39.4218],[-86.4675,39.4218],[-86.4674,39.4218],[-86.4674,39.4219],[-86.4673,39.4219],[-86.4672,39.4219],[-86.4672,39.4219],[-86.4672,39.4219],[-86.4672,39.422],[-86.4672,39.422],[-86.4673,39.422],[-86.4675,39.4221],[-86.4675,39.4221],[-86.4674,39.4221],[-86.4672,39.4222],[-86.4672,39.4222],[-86.4673,39.4222],[-86.4674,39.4222],[-86.4675,39.4222],[-86.4676,39.4222]],[[-86.4684,39.4238],[-86.4684,39.4238],[-86.4684,39.4237],[-86.4684,39.4237],[-86.4684,39.4236],[-86.4683,39.4235],[-86.4682,39.4234],[-86.4682,39.4232],[-86.4682,39.4231],[-86.4682,39.4231],[-86.4681,39.4232],[-86.4681,39.4232],[-86.4679,39.4233],[-86.4679,39.4234],[-86.4678,39.4234],[-86.4678,39.4235],[-86.4679,39.4236],[-86.4679,39.4236],[-86.468,39.4238],[-86.468,39.4239],[-86.4681,39.424],[-86.4682,39.424],[-86.4683,39.4239],[-86.4684,39.4239]]]},"properties":{"FLD_ZONE":"AE","flood_risk":"HIGH"}}],"_meta":{"source":"FEMA public no key","count":8}}